{"schematics":[{"docType":1,"title":"SCH_GAMEBOY_CONSOLIZER_2","dataStr":{"head":{"docType":"1","editorVersion":"6.5.22","newgId":true,"c_para":{"Prefix Start":"1"},"c_spiceCmd":"null","hasIdFlag":true,"uuid":"b5f6e069caee44878b8c731f5eefd97a","x":"0","y":"0","portOfADImportHack":"","importFlag":0,"transformList":""},"canvas":"CA~1000~1000~#FFFFFF~yes~#CCCCCC~5~1000~1000~line~5~pixel~5~0~0","shape":["LIB~0~-806~package`NONE`BOM_Manufacturer Part`?`spicePre`.`~~0~frame_lib_1~~~0~~yes~yes~~~#@$T~N~570.5~-809~0~#000080~Arial~~~~~comment~A~0~start~gge226~0~#@$PT~M 206 -796 L 206 -806 M 206 -10 L 206 0 M 402 -796 L 402 -806 M 402 -10 L 402 0 M 598 -796 L 598 -806 M 598 -10 L 598 0 M 794 -796 L 794 -806 M 794 -10 L 794 0 M 990 -796 L 990 -806 M 990 -10 L 990 0 M 10 -600 L 0 -600 M 1139 -600 L 1149 -600 M 10 -404 L 0 -404 M 1139 -404 L 1149 -404 M 10 -208 L 0 -208 M 1139 -208 L 1149 -208 M 10 -12 L 0 -12 M 1139 -12 L 1149 -12~#880000~1~0~none~gge10~0~frame_tick#@$T~P~571.5~-818~0~#000080~Arial~~~~~comment~A~0~start~gge223~0~#@$T~L~1.5~-698~0~#880000~~~~~~comment~A~1~start~gge13~0~frame_tick#@$T~L~1140.5~-698~0~#880000~~~~~~comment~A~1~start~gge19~0~frame_tick#@$T~L~1.5~-502~0~#880000~~~~~~comment~B~1~start~gge25~0~frame_tick#@$T~L~1140.5~-502~0~#880000~~~~~~comment~B~1~start~gge31~0~frame_tick#@$T~L~1.5~-306~0~#880000~~~~~~comment~C~1~start~gge37~0~frame_tick#@$T~L~1140.5~-306~0~#880000~~~~~~comment~C~1~start~gge43~0~frame_tick#@$T~L~1.5~-110~0~#880000~~~~~~comment~D~1~start~gge49~0~frame_tick#@$T~L~1140.5~-110~0~#880000~~~~~~comment~D~1~start~gge55~0~frame_tick#@$T~L~108~-797.5~0~#880000~~~~~~comment~1~1~start~gge61~0~frame_tick#@$T~L~108~-1.5~0~#880000~~~~~~comment~1~1~start~gge67~0~frame_tick#@$T~L~304~-797.5~0~#880000~~~~~~comment~2~1~start~gge73~0~frame_tick#@$T~L~304~-1.5~0~#880000~~~~~~comment~2~1~start~gge79~0~frame_tick#@$T~L~500~-797.5~0~#880000~~~~~~comment~3~1~start~gge85~0~frame_tick#@$T~L~500~-1.5~0~#880000~~~~~~comment~3~1~start~gge91~0~frame_tick#@$T~L~696~-797.5~0~#880000~~~~~~comment~4~1~start~gge97~0~frame_tick#@$T~L~696~-1.5~0~#880000~~~~~~comment~4~1~start~gge103~0~frame_tick#@$T~L~892~-797.5~0~#880000~~~~~~comment~5~1~start~gge109~0~frame_tick#@$T~L~892~-1.5~0~#880000~~~~~~comment~5~1~start~gge115~0~frame_tick#@$R~10~-796~~~1129~786~#880000~1~0~none~gge121~0~frame_innerbox#@$R~0~-806~~~1149~806~#880000~1~0~none~gge124~0~frame_outbox#@$R~694.99995~-90~~~444~80~#880000~1~0~none~gge127~0~frame_hitarea#@$PL~695.1 -50.75 1138.63 -50.75~#880000~1~0~none~gge130~0#@$PL~799.63 -30.75 1138.63 -30.75~#880000~1~0~none~gge133~0#@$PL~1059.61 -89.93 1059.63 -50.75~#880000~1~0~none~gge136~0#@$PL~1059.63 -50.75 1059.63 -30.75~#880000~1~0~none~gge139~0#@$T~L~699.99995~-77~0~#880000~~8pt~~~~comment~TITLE:~1~start~gge142~0~pinpart#@$T~L~757.62495~-64.41~0~#0000FF~~10pt~~~~comment~GB Consolizer~1~start~gge148~0~frame_title#@$T~L~1064.62495~-63.75~0~#880000~~8pt~~~~comment~REV:~1~start~gge154~0~pinpart#@$T~L~1102.62495~-63.75~0~#0000FF~~9pt~~~~comment~2.0~1~start~gge160~0~frame_version#@$T~L~804.62495~-15~0~#880000~~8pt~~~~comment~Date:~1~start~gge166~0~pinpart#@$T~L~851.62495~-14.52~0~#0000FF~~9pt~~~~comment~2023.01.15~1~start~gge172~0~frame_date#@$T~L~1063.62495~-35~0~#880000~~8pt~~~~comment~Sheet:~1~start~gge178~0~pinpart#@$T~L~1108.62495~-34.52~0~#0000FF~~9pt~~~~comment~1\/1~1~start~gge184~0~frame_sheet#@$T~L~943.62495~-14.75~0~#880000~~8pt~~~~comment~Drawn By:~1~start~gge190~0~pinpart#@$T~L~1008.63~-14.75~0~#0000FF~~9pt~~~~comment~Joe Ostrander~1~start~gge196~0~frame_drawn#@$T~L~804.62495~-36.75~0~#880000~~8pt~~~~comment~Company:~1~start~gge202~0~pinpart#@$T~L~871.24995~-36.64~0~#0000FF~~9pt~~~~comment~Joe Ostrander~1~start~gge208~0~frame_company#@$PL~799.63 -50.75 799.63 -10.75~#880000~1~0~none~gge214~0","F~part_netLabel_GNd~595~-210~0~gge16915~~0^^595~-210^^GND~#000000~582~-185~0~start~1~Times New Roman~9pt~flag_gge7^^PL~595 -200 595 -210~#000000~1~0~transparent~gge16927~0^^PL~595 -200 605 -200 595 -194 585 -200 595 -200~#000000~1~0~transparent~gge16930~0","T~L~725~-185~0~#0000FF~~9pt~~~~comment~DIR PIN = LOW~1~start~gge17111~0~pinpart","T~L~710~-170~0~#0000FF~~9pt~~~~comment~SIGNAL DIRECTION:~1~start~gge17126~0~pinpart","T~L~745~-155~0~#0000FF~~9pt~~~~comment~A <-- B~1~start~gge17135~0~pinpart","F~part_netLabel_GNd~945~-475~0~gge20689~~0^^945~-475^^GND~#000000~932~-447.79~0~start~1~Times New Roman~9pt~flag_gge10^^PL~945 -465 945 -475~#000000~1~0~transparent~gge20701~0^^PL~945 -465 955 -465 945 -459 935 -465 945 -465~#000000~1~0~transparent~gge20704~0","W~985 -490 945 -490 945 -475~#008800~1~0~none~gge20707~0","F~part_netLabel_netPort~985~-530~180~gge20716~~0^^985~-530^^GB_HSYNC~#0000FF~906.83~-526.3~0~start~1~Times New Roman~8pt~flag_gge13^^PL~985 -530 980 -535 965 -535 965 -525 980 -525 985 -530~#0000FF~1~0~transparent~gge20728~0","F~part_netLabel_netPort~985~-540~180~gge20761~~0^^985~-540^^GB_DATA_1~#0000FF~905.87~-536.3~0~start~1~Times New Roman~8pt~flag_gge16^^PL~985 -540 980 -545 965 -545 965 -535 980 -535 985 -540~#0000FF~1~0~transparent~gge20773~0","F~part_netLabel_netPort~985~-550~180~gge20782~~0^^985~-550^^GB_DATA_0~#0000FF~905.79~-546.3~0~start~1~Times New Roman~8pt~flag_gge19^^PL~985 -550 980 -555 965 -555 965 -545 980 -545 985 -550~#0000FF~1~0~transparent~gge20794~0","F~part_netLabel_netPort~985~-560~180~gge20803~~0^^985~-560^^GB_CLOCK~#0000FF~906.48~-556.3~0~start~1~Times New Roman~8pt~flag_gge22^^PL~985 -560 980 -565 965 -565 965 -555 980 -555 985 -560~#0000FF~1~0~transparent~gge20815~0","O~985~-520~gge20839~M 981 -524 L 989 -516 M 989 -524 L 981 -516~#33cc33~0","O~985~-510~gge20845~M 981 -514 L 989 -506 M 989 -514 L 981 -506~#33cc33~0","F~part_netLabel_GNd~945~-705~180~gge20866~~0^^945~-705^^GND~#000000~932~-724.36~0~start~1~Times New Roman~9pt~flag_gge25^^PL~945 -715 945 -705~#000000~1~0~transparent~gge20878~0^^PL~945 -715 935 -715 945 -721 955 -715 945 -715~#000000~1~0~transparent~gge20881~0","W~985 -690 945 -690 945 -705~#008800~1~0~none~gge20884~0","O~985~-670~gge20893~M 981 -674 L 989 -666 M 989 -674 L 981 -666~#33cc33~0","F~part_netLabel_netPort~985~-580~180~gge20932~~0^^985~-580^^GB_VSYNC~#0000FF~907.08~-576.3~0~start~1~Times New Roman~8pt~flag_gge28^^PL~985 -580 980 -585 965 -585 965 -575 980 -575 985 -580~#0000FF~1~0~transparent~gge20944~0","O~985~-570~gge20947~M 981 -574 L 989 -566 M 989 -574 L 981 -566~#33cc33~0","F~part_netLabel_netPort~985~-660~0~gge20962~~0^^985~-660^^GB_LEFT_B~#0000FF~899.85~-656.5~0~start~1~Times New Roman~8pt~flag_gge31^^PL~985 -660 980 -655 965 -655 965 -665 980 -665 985 -660~#0000FF~1~0~transparent~gge20974~0","F~part_netLabel_netPort~985~-650~0~gge20980~~0^^985~-650^^GB_SELECT_DPAD~#0000FF~869.85~-646.5~0~start~1~Times New Roman~8pt~flag_gge34^^PL~985 -650 980 -645 965 -645 965 -655 980 -655 985 -650~#0000FF~1~0~transparent~gge20992~0","F~part_netLabel_netPort~985~-640~0~gge20998~~0^^985~-640^^GB_DOWN_START~#0000FF~869.85~-636.5~0~start~1~Times New Roman~8pt~flag_gge37^^PL~985 -640 980 -635 965 -635 965 -645 980 -645 985 -640~#0000FF~1~0~transparent~gge21010~0","F~part_netLabel_netPort~985~-630~0~gge21016~~0^^985~-630^^GB_UP_SELECT~#0000FF~884.85~-626.5~0~start~1~Times New Roman~8pt~flag_gge40^^PL~985 -630 980 -625 965 -625 965 -635 980 -635 985 -630~#0000FF~1~0~transparent~gge21028~0","F~part_netLabel_netPort~985~-620~0~gge21034~~0^^985~-620^^GB_RIGHT_A~#0000FF~894.85~-616.5~0~start~1~Times New Roman~8pt~flag_gge43^^PL~985 -620 980 -615 965 -615 965 -625 980 -625 985 -620~#0000FF~1~0~transparent~gge21046~0","F~part_netLabel_netPort~985~-610~0~gge21052~~0^^985~-610^^GB_SELECT_OTHER~#0000FF~859.85~-606.5~0~start~1~Times New Roman~8pt~flag_gge46^^PL~985 -610 980 -605 965 -605 965 -615 980 -615 985 -610~#0000FF~1~0~transparent~gge21064~0","F~part_netLabel_netPort~155~-155~0~gge63909~~0^^155~-155^^GND~#0000FF~109.12~-150~0~start~1~Times New Roman~8pt~flag_gge49^^PL~155 -155 150 -150 135 -150 135 -160 150 -160 155 -155~#0000FF~1~0~transparent~gge63921~0","F~part_netLabel_netPort~155~-165~0~gge63924~~0^^155~-165^^GND~#0000FF~109.12~-160~0~start~1~Times New Roman~8pt~flag_gge52^^PL~155 -165 150 -160 135 -160 135 -170 150 -170 155 -165~#0000FF~1~0~transparent~gge63936~0","F~part_netLabel_netPort~155~-175~0~gge63939~~0^^155~-175^^GND~#0000FF~109.12~-170~0~start~1~Times New Roman~8pt~flag_gge55^^PL~155 -175 150 -170 135 -170 135 -180 150 -180 155 -175~#0000FF~1~0~transparent~gge63951~0","F~part_netLabel_netPort~155~-195~0~gge63954~~0^^155~-195^^GND~#0000FF~109.12~-190~0~start~1~Times New Roman~8pt~flag_gge58^^PL~155 -195 150 -190 135 -190 135 -200 150 -200 155 -195~#0000FF~1~0~transparent~gge63966~0","LIB~195~-145~package`AMPHENOL_L77HDE15SD1CH4F`Contributor`Frank_fjs`spicePre`J`spiceSymbolName`L77HDE15SD1CH4F`BOM_Manufacturer Part``~~0~gge521d8cb3e32d45ff~b758f7092af942cb880339b2774b24d5~c77d4aaaf2024a97bf42034773fc7c5a~0~~yes~yes~~~#@$T~N~189.0625~-248~0~#000080~Arial~~~~~comment~L77HDE15SD1CH4F~1~start~gge64020~0~#@$T~P~189.0703125~-257~0~#000080~Arial~~~~~comment~VGA_DSUB1~1~start~gge64026~0~#@$PL~175 -245 175 -45~#840000~1~0~none~gge64032~0#@$PL~175 -45 235 -45~#840000~1~0~none~gge64035~0#@$PL~235 -45 235 -245~#840000~1~0~none~gge64038~0#@$PL~235 -245 175 -245~#840000~1~0~none~gge64041~0#@$P~show~~1~155~-235~180~gge64044~0^^155~-235^^M 155 -235 h 20~#840000^^1~179~-232~0~1~start~monospace~4.6pt~#840000^^1~157~-235.1~0~1~start~monospace~4.6pt~#840000^^0~172~-235^^0~M 175 -232 L 178 -235 L 175 -238#@$P~show~~2~155~-225~180~gge64065~0^^155~-225^^M 155 -225 h 20~#840000^^1~179~-222~0~2~start~monospace~4.6pt~#840000^^1~157~-225.1~0~2~start~monospace~4.6pt~#840000^^0~172~-225^^0~M 175 -222 L 178 -225 L 175 -228#@$P~show~~3~155~-215~180~gge64086~0^^155~-215^^M 155 -215 h 20~#840000^^1~179~-212~0~3~start~monospace~4.6pt~#840000^^1~157~-215.1~0~3~start~monospace~4.6pt~#840000^^0~172~-215^^0~M 175 -212 L 178 -215 L 175 -218#@$P~show~~4~155~-205~180~gge64107~0^^155~-205^^M 155 -205 h 20~#840000^^1~179~-202~0~4~start~monospace~4.6pt~#840000^^1~157~-205.1~0~4~start~monospace~4.6pt~#840000^^0~172~-205^^0~M 175 -202 L 178 -205 L 175 -208#@$P~show~~5~155~-195~180~gge64128~0^^155~-195^^M 155 -195 h 20~#840000^^1~179~-192~0~5~start~monospace~4.6pt~#840000^^1~157~-195.1~0~5~start~monospace~4.6pt~#840000^^0~172~-195^^0~M 175 -192 L 178 -195 L 175 -198#@$P~show~~6~155~-175~180~gge64149~0^^155~-175^^M 155 -175 h 20~#840000^^1~179~-172~0~6~start~monospace~4.6pt~#840000^^1~157~-175.1~0~6~start~monospace~4.6pt~#840000^^0~172~-175^^0~M 175 -172 L 178 -175 L 175 -178#@$P~show~~7~155~-165~180~gge64170~0^^155~-165^^M 155 -165 h 20~#840000^^1~179~-162~0~7~start~monospace~4.6pt~#840000^^1~157~-165.1~0~7~start~monospace~4.6pt~#840000^^0~172~-165^^0~M 175 -162 L 178 -165 L 175 -168#@$P~show~~8~155~-155~180~gge64191~0^^155~-155^^M 155 -155 h 20~#840000^^1~179~-152~0~8~start~monospace~4.6pt~#840000^^1~157~-155.1~0~8~start~monospace~4.6pt~#840000^^0~172~-155^^0~M 175 -152 L 178 -155 L 175 -158#@$P~show~~9~155~-145~180~gge64212~0^^155~-145^^M 155 -145 h 20~#840000^^1~179~-142~0~9~start~monospace~4.6pt~#840000^^1~157~-145.1~0~9~start~monospace~4.6pt~#840000^^0~172~-145^^0~M 175 -142 L 178 -145 L 175 -148#@$P~show~~10~155~-135~180~gge64233~0^^155~-135^^M 155 -135 h 20~#840000^^1~179~-132~0~10~start~monospace~4.6pt~#840000^^1~157~-135.1~0~10~start~monospace~4.6pt~#840000^^0~172~-135^^0~M 175 -132 L 178 -135 L 175 -138#@$P~show~~11~155~-115~180~gge64254~0^^155~-115^^M 155 -115 h 20~#840000^^1~179~-112~0~11~start~monospace~4.6pt~#840000^^1~157~-115.1~0~11~start~monospace~4.6pt~#840000^^0~172~-115^^0~M 175 -112 L 178 -115 L 175 -118#@$P~show~~12~155~-105~180~gge64275~0^^155~-105^^M 155 -105 h 20~#840000^^1~179~-102~0~12~start~monospace~4.6pt~#840000^^1~157~-105.1~0~12~start~monospace~4.6pt~#840000^^0~172~-105^^0~M 175 -102 L 178 -105 L 175 -108#@$P~show~~13~155~-95~180~gge64296~0^^155~-95^^M 155 -95 h 20~#840000^^1~179~-92~0~13~start~monospace~4.6pt~#840000^^1~157~-95.1~0~13~start~monospace~4.6pt~#840000^^0~172~-95^^0~M 175 -92 L 178 -95 L 175 -98#@$P~show~~14~155~-85~180~gge64317~0^^155~-85^^M 155 -85 h 20~#840000^^1~179~-82~0~14~start~monospace~4.6pt~#840000^^1~157~-85.1~0~14~start~monospace~4.6pt~#840000^^0~172~-85^^0~M 175 -82 L 178 -85 L 175 -88#@$P~show~~15~155~-75~180~gge64338~0^^155~-75^^M 155 -75 h 20~#840000^^1~179~-72~0~15~start~monospace~4.6pt~#840000^^1~157~-75.1~0~15~start~monospace~4.6pt~#840000^^0~172~-75^^0~M 175 -72 L 178 -75 L 175 -78#@$P~show~~S1~155~-55~180~gge64359~0^^155~-55^^M 155 -55 h 20~#840000^^1~179~-52~0~SHIELD~start~monospace~4.6pt~#840000^^1~157~-55.1~0~S1~start~monospace~4.6pt~#840000^^0~172~-55^^0~M 175 -52 L 178 -55 L 175 -58#@$P~show~~S2~155~-55~180~gge64380~0^^155~-55^^M 155 -55 h 20~#840000^^1~179~-52~0~SHIELD~start~monospace~4.6pt~#840000^^1~157~-55.1~0~S2~start~monospace~4.6pt~#840000^^0~172~-55^^0~M 175 -52 L 178 -55 L 175 -58","F~part_netLabel_netPort~155~-235~0~gge64425~~0^^155~-235^^VGA RED~#0000FF~84.85~-231.5~0~start~1~Times New Roman~8pt~flag_gge61^^PL~155 -235 150 -230 135 -230 135 -240 150 -240 155 -235~#0000FF~1~0~transparent~gge64437~0","F~part_netLabel_netPort~155~-225~0~gge64464~~0^^155~-225^^VGA GREEN~#0000FF~72.15~-221.43~0~start~1~Times New Roman~8pt~flag_gge64^^PL~155 -225 150 -220 135 -220 135 -230 150 -230 155 -225~#0000FF~1~0~transparent~gge64476~0","F~part_netLabel_netPort~155~-215~0~gge64503~~0^^155~-215^^VGA BLUE~#0000FF~79.85~-211.5~0~start~1~Times New Roman~8pt~flag_gge67^^PL~155 -215 150 -210 135 -210 135 -220 150 -220 155 -215~#0000FF~1~0~transparent~gge64515~0","F~part_netLabel_netPort~155~-95~0~gge64521~~0^^155~-95^^VGA HSYNC~#0000FF~69.85~-91.5~0~start~1~Times New Roman~8pt~flag_gge70^^PL~155 -95 150 -90 135 -90 135 -100 150 -100 155 -95~#0000FF~1~0~transparent~gge64533~0","F~part_netLabel_netPort~155~-135~0~gge64572~~0^^155~-135^^GND~#0000FF~109.12~-130~0~start~1~Times New Roman~8pt~flag_gge73^^PL~155 -135 150 -130 135 -130 135 -140 150 -140 155 -135~#0000FF~1~0~transparent~gge64584~0","F~part_netLabel_netPort~155~-85~0~gge64674~~0^^155~-85^^VGA VSYNC~#0000FF~69.85~-81.5~0~start~1~Times New Roman~8pt~flag_gge76^^PL~155 -85 150 -80 135 -80 135 -90 150 -90 155 -85~#0000FF~1~0~transparent~gge64686~0","O~155~-75~gge64692~M 151 -79 L 159 -71 M 159 -79 L 151 -71~#33cc33~0","O~155~-115~gge64707~M 151 -119 L 159 -111 M 159 -119 L 151 -111~#33cc33~0","O~155~-105~gge64713~M 151 -109 L 159 -101 M 159 -109 L 151 -101~#33cc33~0","O~155~-145~gge64719~M 151 -149 L 159 -141 M 159 -149 L 151 -141~#33cc33~0","T~L~857~-643~0~#0000FF~~9pt~~~~comment~*~1~start~gge66226~0~pinpart","T~L~850~-604~0~#0000FF~~9pt~~~~comment~*~1~start~gge66235~0~pinpart","T~L~896~-574~0~#0000FF~~9pt~~~~comment~*~1~start~gge66244~0~pinpart","T~L~895~-554~0~#0000FF~~9pt~~~~comment~*~1~start~gge66253~0~pinpart","T~L~895~-544~0~#0000FF~~9pt~~~~comment~*~1~start~gge66262~0~pinpart","T~L~895~-534~0~#0000FF~~9pt~~~~comment~*~1~start~gge66271~0~pinpart","T~L~895~-522~0~#0000FF~~9pt~~~~comment~*~1~start~gge66280~0~pinpart","O~155~-55~gge67271~M 151 -59 L 159 -51 M 159 -59 L 151 -51~#33cc33~0","LIB~765~-285~package`TSSOP-20_L6.5-W4.4-P0.65-LS6.4-BL`spicePre`X`BOM_Supplier`LCSC`BOM_Manufacturer`TI(\u5fb7\u5dde\u4eea\u5668)`BOM_Manufacturer Part`SN74LVC245APWR`BOM_Supplier Part`C7848`BOM_JLCPCB Part Class`Extended Part`spiceSymbolName`SN74LVC245APWR`~~0~gge9a4cacd1e34d25da~1586800a83194e228c6527ad76c86945~3ef2c310c6e42c17ed928c29c9402f4c~0~~yes~yes~e41d6191cb7140df95d051008525ba1d~1667374211~592f3ccad33542a181017e602cc742c4#@$T~N~759.06~-345~0~#000080~Arial~~~~~comment~SN74LVC245APWR~1~start~gge103852~0~#@$T~P~759.06~-354~0~#000080~Arial~~~~~comment~U3~1~start~gge103858~0~#@$E~740~-337~1.5~1.5~#880000~1~0~#880000~gge103864~0#@$R~735~-342~2~2~60~114~#880000~1~0~none~gge103867~0~#@$E~740~-337~1.5~1.5~#880000~1~0~#880000~gge103870~0#@$P~show~0~1~725~-330~180~gge103873~0^^725~-330^^M 725 -330 h 10~#880000^^1~738.7~-326~0~DIR~start~~~#0000FF^^1~734.5~-331~0~1~end~~~#0000FF^^0~732~-330^^0~M 735 -327 L 738 -330 L 735 -333#@$P~show~0~2~725~-320~180~gge103894~0^^725~-320^^M 725 -320 h 10~#880000^^1~738.7~-316~0~A1~start~~~#0000FF^^1~734.5~-321~0~2~end~~~#0000FF^^0~732~-320^^0~M 735 -317 L 738 -320 L 735 -323#@$P~show~0~3~725~-310~180~gge103915~0^^725~-310^^M 725 -310 h 10~#880000^^1~738.7~-306~0~A2~start~~~#0000FF^^1~734.5~-311~0~3~end~~~#0000FF^^0~732~-310^^0~M 735 -307 L 738 -310 L 735 -313#@$P~show~0~4~725~-300~180~gge103936~0^^725~-300^^M 725 -300 h 10~#880000^^1~738.7~-296~0~A3~start~~~#0000FF^^1~734.5~-301~0~4~end~~~#0000FF^^0~732~-300^^0~M 735 -297 L 738 -300 L 735 -303#@$P~show~0~5~725~-290~180~gge103957~0^^725~-290^^M 725 -290 h 10~#880000^^1~738.7~-286~0~A4~start~~~#0000FF^^1~734.5~-291~0~5~end~~~#0000FF^^0~732~-290^^0~M 735 -287 L 738 -290 L 735 -293#@$P~show~0~6~725~-280~180~gge103978~0^^725~-280^^M 725 -280 h 10~#880000^^1~738.7~-276~0~A5~start~~~#0000FF^^1~734.5~-281~0~6~end~~~#0000FF^^0~732~-280^^0~M 735 -277 L 738 -280 L 735 -283#@$P~show~0~7~725~-270~180~gge103999~0^^725~-270^^M 725 -270 h 10~#880000^^1~738.7~-266~0~A6~start~~~#0000FF^^1~734.5~-271~0~7~end~~~#0000FF^^0~732~-270^^0~M 735 -267 L 738 -270 L 735 -273#@$P~show~0~8~725~-260~180~gge104020~0^^725~-260^^M 725 -260 h 10~#880000^^1~738.7~-256~0~A7~start~~~#0000FF^^1~734.5~-261~0~8~end~~~#0000FF^^0~732~-260^^0~M 735 -257 L 738 -260 L 735 -263#@$P~show~0~9~725~-250~180~gge104041~0^^725~-250^^M 725 -250 h 10~#880000^^1~738.7~-246~0~A8~start~~~#0000FF^^1~734.5~-251~0~9~end~~~#0000FF^^0~732~-250^^0~M 735 -247 L 738 -250 L 735 -253#@$P~show~0~10~725~-240~180~gge104062~0^^725~-240^^M 725 -240 h 10~#000000^^1~738.7~-236~0~GND~start~~~#000000^^1~734.5~-241~0~10~end~~~#000000^^0~732~-240^^0~M 735 -237 L 738 -240 L 735 -243#@$P~show~0~11~805~-240~0~gge104083~0^^805~-240^^M 805 -240 h -10~#880000^^1~791.3~-236~0~B8~end~~~#0000FF^^1~795.5~-241~0~11~start~~~#0000FF^^0~798~-240^^0~M 795 -243 L 792 -240 L 795 -237#@$P~show~0~12~805~-250~0~gge104104~0^^805~-250^^M 805 -250 h -10~#880000^^1~791.3~-246~0~B7~end~~~#0000FF^^1~795.5~-251~0~12~start~~~#0000FF^^0~798~-250^^0~M 795 -253 L 792 -250 L 795 -247#@$P~show~0~13~805~-260~0~gge104125~0^^805~-260^^M 805 -260 h -10~#880000^^1~791.3~-256~0~B6~end~~~#0000FF^^1~795.5~-261~0~13~start~~~#0000FF^^0~798~-260^^0~M 795 -263 L 792 -260 L 795 -257#@$P~show~0~14~805~-270~0~gge104146~0^^805~-270^^M 805 -270 h -10~#880000^^1~791.3~-266~0~B5~end~~~#0000FF^^1~795.5~-271~0~14~start~~~#0000FF^^0~798~-270^^0~M 795 -273 L 792 -270 L 795 -267#@$P~show~0~15~805~-280~0~gge104167~0^^805~-280^^M 805 -280 h -10~#880000^^1~791.3~-276~0~B4~end~~~#0000FF^^1~795.5~-281~0~15~start~~~#0000FF^^0~798~-280^^0~M 795 -283 L 792 -280 L 795 -277#@$P~show~0~16~805~-290~0~gge104188~0^^805~-290^^M 805 -290 h -10~#880000^^1~791.3~-286~0~B3~end~~~#0000FF^^1~795.5~-291~0~16~start~~~#0000FF^^0~798~-290^^0~M 795 -293 L 792 -290 L 795 -287#@$P~show~0~17~805~-300~0~gge104209~0^^805~-300^^M 805 -300 h -10~#880000^^1~791.3~-296~0~B2~end~~~#0000FF^^1~795.5~-301~0~17~start~~~#0000FF^^0~798~-300^^0~M 795 -303 L 792 -300 L 795 -297#@$P~show~0~18~805~-310~0~gge104230~0^^805~-310^^M 805 -310 h -10~#880000^^1~791.3~-306~0~B1~end~~~#0000FF^^1~795.5~-311~0~18~start~~~#0000FF^^0~798~-310^^0~M 795 -313 L 792 -310 L 795 -307#@$P~show~0~19~805~-320~0~gge104251~0^^805~-320^^M 805 -320 h -10~#880000^^1~791.3~-316~0~OE#~end~~~#0000FF^^1~795.5~-321~0~19~start~~~#0000FF^^0~798~-320^^0~M 795 -323 L 792 -320 L 795 -317#@$P~show~0~20~805~-330~0~gge104272~0^^805~-330^^M 805 -330 h -10~#FF0000^^1~791.3~-326~0~VCC~end~~~#FF0000^^1~795.5~-331~0~20~start~~~#FF0000^^0~798~-330^^0~M 795 -333 L 792 -330 L 795 -327","F~part_netLabel_netPort~805~-300~0~gge104767~~0^^805~-300^^GB_DATA_1~#0000FF~884.13~-296.5~0~end~1~Times New Roman~8pt~flag_gge79^^PL~805 -300 810 -295 825 -295 825 -305 810 -305 805 -300~#0000FF~1~0~transparent~gge104779~0","F~part_netLabel_netPort~805~-290~0~gge104788~~0^^805~-290^^GB_DATA_0~#0000FF~884.21~-286.5~0~end~1~Times New Roman~8pt~flag_gge82^^PL~805 -290 810 -285 825 -285 825 -295 810 -295 805 -290~#0000FF~1~0~transparent~gge104800~0","F~part_netLabel_netPort~805~-280~0~gge104809~~0^^805~-280^^GB_CLOCK~#0000FF~883.22~-276.5~0~end~1~Times New Roman~8pt~flag_gge85^^PL~805 -280 810 -275 825 -275 825 -285 810 -285 805 -280~#0000FF~1~0~transparent~gge104821~0","F~part_netLabel_netPort~805~-270~0~gge104830~~0^^805~-270^^GB_HSYNC~#0000FF~883.08~-266.5~0~end~1~Times New Roman~8pt~flag_gge88^^PL~805 -270 810 -265 825 -265 825 -275 810 -275 805 -270~#0000FF~1~0~transparent~gge104842~0","F~part_netLabel_netPort~805~-260~0~gge104851~~0^^805~-260^^GB_VSYNC~#0000FF~882.83~-256.5~0~end~1~Times New Roman~8pt~flag_gge91^^PL~805 -260 810 -255 825 -255 825 -265 810 -265 805 -260~#0000FF~1~0~transparent~gge104863~0","F~part_netLabel_netPort~940~-250~0~gge104869~~0^^940~-250^^GB_SELECT_DPAD~#0000FF~1055.15~-246.5~0~end~1~Times New Roman~8pt~flag_gge94^^PL~940 -250 945 -245 960 -245 960 -255 945 -255 940 -250~#0000FF~1~0~transparent~gge104881~0","W~940 -250 805 -250~#008800~1~0~none~gge104884~0","F~part_netLabel_netPort~940~-240~0~gge104890~~0^^940~-240^^GB_SELECT_OTHER~#0000FF~1062~-236~0~end~1~Times New Roman~8pt~flag_gge97^^PL~940 -240 945 -235 960 -235 960 -245 945 -245 940 -240~#0000FF~1~0~transparent~gge104902~0","W~940 -240 805 -240~#008800~1~0~none~gge104905~0","W~950 -340 950 -330 890 -330 890 -305~#008800~1~0~none~gge105108~0","F~part_netLabel_netPort~805~-330~180~gge105118~~0^^805~-330^^3V3OUT~#0000FF~827.21~-327.85~0~start~1~Times New Roman~8pt~flag_gge100^^PL~805 -330 810 -335 825 -335 825 -325 810 -325 805 -330~#0000FF~1~0~transparent~gge105130~0","F~part_netLabel_netPort~725~-310~0~gge105160~~0^^725~-310^^DATA1_A~#0000FF~655.87~-306.5~0~start~1~Times New Roman~8pt~flag_gge103^^PL~725 -310 720 -305 705 -305 705 -315 720 -315 725 -310~#0000FF~1~0~transparent~gge105172~0","F~part_netLabel_netPort~725~-300~0~gge105181~~0^^725~-300^^DATA0_A~#0000FF~655.79~-296.5~0~start~1~Times New Roman~8pt~flag_gge106^^PL~725 -300 720 -295 705 -295 705 -305 720 -305 725 -300~#0000FF~1~0~transparent~gge105193~0","F~part_netLabel_netPort~725~-290~0~gge105202~~0^^725~-290^^CLOCK_A~#0000FF~651.78~-286.5~0~start~1~Times New Roman~8pt~flag_gge109^^PL~725 -290 720 -285 705 -285 705 -295 720 -295 725 -290~#0000FF~1~0~transparent~gge105214~0","F~part_netLabel_netPort~725~-280~0~gge105223~~0^^725~-280^^HSYNC_A~#0000FF~651.92~-276.5~0~start~1~Times New Roman~8pt~flag_gge112^^PL~725 -280 720 -275 705 -275 705 -285 720 -285 725 -280~#0000FF~1~0~transparent~gge105235~0","F~part_netLabel_netPort~725~-270~0~gge105244~~0^^725~-270^^VSYNC_A~#0000FF~652.17~-266.5~0~start~1~Times New Roman~8pt~flag_gge115^^PL~725 -270 720 -265 705 -265 705 -275 720 -275 725 -270~#0000FF~1~0~transparent~gge105256~0","F~part_netLabel_netPort~725~-260~0~gge105265~~0^^725~-260^^SELECT_DPAD~#0000FF~630.46~-256.39~0~start~1~Times New Roman~8pt~flag_gge118^^PL~725 -260 720 -255 705 -255 705 -265 720 -265 725 -260~#0000FF~1~0~transparent~gge105277~0","F~part_netLabel_netPort~725~-250~0~gge105286~~0^^725~-250^^SELECT_OTHER~#0000FF~624.46~-246.44~0~start~1~Times New Roman~8pt~flag_gge121^^PL~725 -250 720 -245 705 -245 705 -255 720 -255 725 -250~#0000FF~1~0~transparent~gge105298~0","W~805 -320 880 -320 880 -375 595 -375 595 -210~#008800~1~0~none~gge105301~0","W~725 -240 595 -240~#008800~1~0~none~gge105304~0","LIB~925~-285~package`RESISTOR_R0603`Contributor`Nick James`spicePre`R`spiceSymbolName`RESISTOR0603`BOM_Manufacturer Part``~90~0~gge8d4761fca81f7fa2~8f015677d46a43ea8e817754dafe0a3b~ada56a568ec6471991b0e7909f953d41~0~~yes~yes~~1587461822~#@$T~N~930.86~-291.78~0~#000080~Arial~~~~~comment~10K~1~start~gge105355~0~#@$T~P~931~-281.78~0~#000080~Arial~~~~~comment~R2~1~start~gge105361~0~#@$PL~925 -274.84 921 -276.34~#A54B4B~1~0~none~gge105367~0#@$PL~921 -276.34 929 -278.84~#A54B4B~1~0~none~gge105370~0#@$PL~929 -278.84 921 -281.34~#A54B4B~1~0~none~gge105373~0#@$PL~921 -281.34 929 -283.84~#A54B4B~1~0~none~gge105376~0#@$PL~929 -283.84 921 -286.34~#A54B4B~1~0~none~gge105379~0#@$PL~921 -286.34 929 -288.84~#A54B4B~1~0~none~gge105382~0#@$PL~929 -288.84 921 -291.34~#A54B4B~1~0~none~gge105385~0#@$PL~921 -291.34 929 -293.84~#A54B4B~1~0~none~gge105388~0#@$PL~929 -293.84 925 -294.84~#A54B4B~1~0~none~gge105391~0#@$P~show~3~1~925~-265~270~gge105394~0^^925~-265^^M 925 -265 v -9.842~#A54B4B^^0~927.95~-284.53~270~1~start~~4.5pt~#A54B4B^^0~923.03~-268.78~270~1~end~~4.5pt~#A54B4B^^0~925~-271^^0~M 928 -274 L 925 -277 L 922 -274#@$P~show~3~2~925~-305~90~gge105415~0^^925~-305^^M 925 -305 v 9.842~#A54B4B^^0~927.95~-285.16~270~2~end~~4.5pt~#A54B4B^^0~923.03~-300.91~270~2~start~~4.5pt~#A54B4B^^0~925~-299^^0~M 922 -296 L 925 -293 L 928 -296","LIB~890~-285~package`RESISTOR_R0603`Contributor`Nick James`spicePre`R`spiceSymbolName`RESISTOR0603`BOM_Manufacturer Part``~90~0~ggee40c12aba6ecfd31~8f015677d46a43ea8e817754dafe0a3b~ada56a568ec6471991b0e7909f953d41~0~~yes~yes~~1587461822~#@$T~N~895.86~-291.78~0~#000080~Arial~~~~~comment~10K~1~start~gge105442~0~#@$T~P~896~-281.78~0~#000080~Arial~~~~~comment~R1~1~start~gge105448~0~#@$PL~890 -274.84 886 -276.34~#A54B4B~1~0~none~gge105454~0#@$PL~886 -276.34 894 -278.84~#A54B4B~1~0~none~gge105457~0#@$PL~894 -278.84 886 -281.34~#A54B4B~1~0~none~gge105460~0#@$PL~886 -281.34 894 -283.84~#A54B4B~1~0~none~gge105463~0#@$PL~894 -283.84 886 -286.34~#A54B4B~1~0~none~gge105466~0#@$PL~886 -286.34 894 -288.84~#A54B4B~1~0~none~gge105469~0#@$PL~894 -288.84 886 -291.34~#A54B4B~1~0~none~gge105472~0#@$PL~886 -291.34 894 -293.84~#A54B4B~1~0~none~gge105475~0#@$PL~894 -293.84 890 -294.84~#A54B4B~1~0~none~gge105478~0#@$P~show~3~1~890~-265~270~gge105481~0^^890~-265^^M 890 -265 v -9.842~#A54B4B^^0~892.95~-284.53~270~1~start~~4.5pt~#A54B4B^^0~888.03~-268.78~270~1~end~~4.5pt~#A54B4B^^0~890~-271^^0~M 893 -274 L 890 -277 L 887 -274#@$P~show~3~2~890~-305~90~gge105502~0^^890~-305^^M 890 -305 v 9.842~#A54B4B^^0~892.95~-285.16~270~2~end~~4.5pt~#A54B4B^^0~888.03~-300.91~270~2~start~~4.5pt~#A54B4B^^0~890~-299^^0~M 887 -296 L 890 -293 L 893 -296","W~890 -265 890 -250~#008800~1~0~none~gge105523~0","W~925 -265 925 -240~#008800~1~0~none~gge105527~0","W~925 -305 925 -330~#008800~1~0~none~gge105531~0","LIB~400~-85~package`WII CONTROLLER RECEPTACLE`BOM_Manufacturer``BOM_Manufacturer Part``BOM_Supplier Part``BOM_Supplier``link``Contributor`Joe Ostrander`spicePre`U`spiceSymbolName`Wii Controller Receptacle`~~0~ggee8847e02254f6f07~8c7eb9e297c14ca885bebc6f8fe8879d~42b250f9f66c482192b18a57e4d2d0a0~0~~yes~yes~8852231370ee44e588a0690555e37f92~1666474949~b70183e6b5694d39999ff823d4ae4ea8#@$T~N~389.03125~-108~0~#000080~Arial~~~~~comment~Wii Controller Receptacle~1~start~gge107890~0~#@$T~P~389.03125~-117~0~#000080~Arial~~~~~comment~U2~1~start~gge107896~0~#@$P~show~4~4~430~-95~0~gge107902~0^^430~-95^^M 430 -95 h -10~#000000^^1~418~-92~0~VCC~end~~~#FF0000^^0~420~-96~0~4~start~~~#000000^^0~423~-95^^0~M 420 -98 L 417 -95 L 420 -92#@$P~show~0~1~360~-95~180~gge107923~0^^360~-95^^M 360 -95 h 10~#000000^^1~372~-92~0~SCL~start~~~#0000FF^^0~370~-96~0~1~end~~~#000000^^0~367~-95^^0~M 370 -92 L 373 -95 L 370 -98#@$P~show~4~5~430~-85~0~gge107944~0^^430~-85^^M 430 -85 h -10~#000000^^1~418~-82~0~DET~end~~~#FF0000^^0~420~-86~0~5~start~~~#000000^^0~423~-85^^0~M 420 -88 L 417 -85 L 420 -82#@$P~show~0~2~360~-85~180~gge107965~0^^360~-85^^M 360 -85 h 10~#000000^^1~372~-82~0~NC~start~~~#0000FF^^0~370~-86~0~2~end~~~#000000^^0~367~-85^^0~M 370 -82 L 373 -85 L 370 -88#@$P~show~0~6~430~-75~0~gge107986~0^^430~-75^^M 430 -75 h -10~#000000^^1~418~-72~0~SDA~end~~~#0000FF^^0~420~-76~0~6~start~~~#000000^^0~423~-75^^0~M 420 -78 L 417 -75 L 420 -72#@$P~show~4~3~360~-75~180~gge108007~0^^360~-75^^M 360 -75 h 10~#000000^^1~372~-72~0~GND~start~~~#000000^^0~370~-76~0~3~end~~~#000000^^0~367~-75^^0~M 370 -72 L 373 -75 L 370 -78#@$R~370~-105~2~2~50~40~#880000~1~0~none~gge108028~0~","F~part_netLabel_netPort~195~-400~0~gge108277~~0^^195~-400^^SCL~#0000FF~173~-396.571~0~end~1~Times New Roman~8pt~flag_gge124^^PL~195 -400 190 -395 175 -395 175 -405 190 -405 195 -400~#0000FF~1~0~transparent~gge108289~0","F~part_netLabel_netPort~195~-410~0~gge108292~~0^^195~-410^^SDA~#0000FF~173~-406.571~0~end~1~Times New Roman~8pt~flag_gge127^^PL~195 -410 190 -405 175 -405 175 -415 190 -415 195 -410~#0000FF~1~0~transparent~gge108304~0","W~450 -520 445 -520~#008800~1~0~none~gge108307~0","W~195 -400 305 -400~#008800~1~0~none~gge108310~0","F~part_netLabel_netPort~445~-410~180~gge108328~~0^^445~-410^^SELECT_DPAD~#0000FF~466.76~-406.19~0~start~1~Times New Roman~8pt~flag_gge130^^PL~445 -410 450 -415 465 -415 465 -405 450 -405 445 -410~#0000FF~1~0~transparent~gge108340~0","F~part_netLabel_netPort~445~-420~180~gge108343~~0^^445~-420^^SELECT_OTHER~#0000FF~466.57~-416.29~0~start~1~Times New Roman~8pt~flag_gge133^^PL~445 -420 450 -425 465 -425 465 -415 450 -415 445 -420~#0000FF~1~0~transparent~gge108355~0","W~495 -560 445 -560~#008800~1~0~none~gge108358~0","F~part_netLabel_netPort~305~-380~0~gge108379~~0^^305~-380^^DATA0_A~#0000FF~237.39~-375~0~start~1~Times New Roman~8pt~flag_gge136^^PL~305 -380 300 -375 285 -375 285 -385 300 -385 305 -380~#0000FF~1~0~transparent~gge108391~0","F~part_netLabel_netPort~305~-370~0~gge108394~~0^^305~-370^^DATA1_A~#0000FF~237.39~-365~0~start~1~Times New Roman~8pt~flag_gge139^^PL~305 -370 300 -365 285 -365 285 -375 300 -375 305 -370~#0000FF~1~0~transparent~gge108406~0","F~part_netLabel_netPort~445~-370~180~gge108424~~0^^445~-370^^CLOCK_A~#0000FF~467.21~-367.85~0~start~1~Times New Roman~8pt~flag_gge142^^PL~445 -370 450 -375 465 -375 465 -365 450 -365 445 -370~#0000FF~1~0~transparent~gge108436~0","F~part_netLabel_netPort~445~-380~180~gge108439~~0^^445~-380^^HSYNC_A~#0000FF~467.21~-377.85~0~start~1~Times New Roman~8pt~flag_gge145^^PL~445 -380 450 -385 465 -385 465 -375 450 -375 445 -380~#0000FF~1~0~transparent~gge108451~0","F~part_netLabel_netPort~445~-400~180~gge108454~~0^^445~-400^^VSYNC_A~#0000FF~467.21~-397.85~0~start~1~Times New Roman~8pt~flag_gge148^^PL~445 -400 450 -405 465 -405 465 -395 450 -395 445 -400~#0000FF~1~0~transparent~gge108466~0","F~part_netLabel_netPort~445~-430~180~gge108469~~0^^445~-430^^GB_DOWN_START~#0000FF~467.37~-427.29~0~start~1~Times New Roman~8pt~flag_gge151^^PL~445 -430 450 -435 465 -435 465 -425 450 -425 445 -430~#0000FF~1~0~transparent~gge108481~0","F~part_netLabel_netPort~445~-450~180~gge108484~~0^^445~-450^^GB_UP_SELECT~#0000FF~466.94~-446.35~0~start~1~Times New Roman~8pt~flag_gge154^^PL~445 -450 450 -455 465 -455 465 -445 450 -445 445 -450~#0000FF~1~0~transparent~gge108496~0","F~part_netLabel_netPort~445~-470~180~gge108499~~0^^445~-470^^GB_LEFT_B~#0000FF~466.97~-466.29~0~start~1~Times New Roman~8pt~flag_gge157^^PL~445 -470 450 -475 465 -475 465 -465 450 -465 445 -470~#0000FF~1~0~transparent~gge108511~0","F~part_netLabel_netPort~445~-480~180~gge108514~~0^^445~-480^^GB_RIGHT_A~#0000FF~469.1~-476.08~0~start~1~Times New Roman~8pt~flag_gge160^^PL~445 -480 450 -485 465 -485 465 -475 450 -475 445 -480~#0000FF~1~0~transparent~gge108526~0","O~305~-420~gge108529~M 301 -424 L 309 -416 M 309 -424 L 301 -416~#33cc33~0","O~385~-340~gge108535~M 381 -344 L 389 -336 M 389 -344 L 381 -336~#33cc33~0","O~365~-340~gge108541~M 361 -344 L 369 -336 M 369 -344 L 361 -336~#33cc33~0","LIB~375~-460~package`RASPBERRY-PI-PICO`BOM_Manufacturer``BOM_Manufacturer Part``BOM_Supplier Part``BOM_Supplier``link``Contributor`ostrander.jm`spicePre`U`spiceSymbolName`Raspberry Pi Pico`~~0~gged20fb3a8fd87fec5~38fc3042ed5e4b408ef2d0312baca5e5~04d3e6defb4f49eeb004572280f89761~0~~yes~yes~ce4b6829742c421182609b070856ec80~1653521112~82a00563692242fc9efe3685a449d79b#@$T~N~369.03515625~-573.5~0~#000080~Arial~~~~~comment~Raspberry Pi Pico~1~start~gge108553~0~#@$T~P~369.03515625~-582.5~0~#000080~Arial~~~~~comment~U1~1~start~gge108559~0~#@$P~show~0~1~305~-560~180~gge108565~0^^305~-560^^M 305 -560 h 20~#880000^^1~327~-557~0~GP0~start~~~#0000FF^^1~320~-561~0~1~end~~~#0000FF^^0~322~-560^^0~M 325 -557 L 328 -560 L 325 -563#@$P~show~0~2~305~-550~180~gge108586~0^^305~-550^^M 305 -550 h 20~#880000^^1~327~-547~0~GP1~start~~~#0000FF^^1~320~-551~0~2~end~~~#0000FF^^0~322~-550^^0~M 325 -547 L 328 -550 L 325 -553#@$P~show~0~3~305~-540~180~gge108607~0^^305~-540^^M 305 -540 h 20~#880000^^1~327~-537~0~GND~start~~~#0000FF^^1~320~-541~0~3~end~~~#0000FF^^0~322~-540^^0~M 325 -537 L 328 -540 L 325 -543#@$P~show~0~4~305~-530~180~gge108628~0^^305~-530^^M 305 -530 h 20~#880000^^1~327~-527~0~GP2~start~~~#0000FF^^1~320~-531~0~4~end~~~#0000FF^^0~322~-530^^0~M 325 -527 L 328 -530 L 325 -533#@$P~show~0~5~305~-520~180~gge108649~0^^305~-520^^M 305 -520 h 20~#880000^^1~327~-517~0~GP3~start~~~#0000FF^^1~320~-521~0~5~end~~~#0000FF^^0~322~-520^^0~M 325 -517 L 328 -520 L 325 -523#@$P~show~0~6~305~-510~180~gge108670~0^^305~-510^^M 305 -510 h 20~#880000^^1~327~-507~0~GP4~start~~~#0000FF^^1~320~-511~0~6~end~~~#0000FF^^0~322~-510^^0~M 325 -507 L 328 -510 L 325 -513#@$P~show~0~7~305~-500~180~gge108691~0^^305~-500^^M 305 -500 h 20~#880000^^1~327~-497~0~GP5~start~~~#0000FF^^1~320~-501~0~7~end~~~#0000FF^^0~322~-500^^0~M 325 -497 L 328 -500 L 325 -503#@$P~show~0~8~305~-490~180~gge108712~0^^305~-490^^M 305 -490 h 20~#880000^^1~327~-487~0~GND~start~~~#0000FF^^1~320~-491~0~8~end~~~#0000FF^^0~322~-490^^0~M 325 -487 L 328 -490 L 325 -493#@$P~show~0~9~305~-480~180~gge108733~0^^305~-480^^M 305 -480 h 20~#880000^^1~327~-477~0~GP6~start~~~#0000FF^^1~320~-481~0~9~end~~~#0000FF^^0~322~-480^^0~M 325 -477 L 328 -480 L 325 -483#@$P~show~0~10~305~-470~180~gge108754~0^^305~-470^^M 305 -470 h 20~#880000^^1~327~-467~0~GP7~start~~~#0000FF^^1~320~-471~0~10~end~~~#0000FF^^0~322~-470^^0~M 325 -467 L 328 -470 L 325 -473#@$P~show~0~11~305~-460~180~gge108775~0^^305~-460^^M 305 -460 h 20~#880000^^1~327~-457~0~GP8~start~~~#0000FF^^1~320~-461~0~11~end~~~#0000FF^^0~322~-460^^0~M 325 -457 L 328 -460 L 325 -463#@$P~show~0~12~305~-450~180~gge108796~0^^305~-450^^M 305 -450 h 20~#880000^^1~327~-447~0~GP9~start~~~#0000FF^^1~320~-451~0~12~end~~~#0000FF^^0~322~-450^^0~M 325 -447 L 328 -450 L 325 -453#@$P~show~0~13~305~-440~180~gge108817~0^^305~-440^^M 305 -440 h 20~#880000^^1~327~-437~0~GND~start~~~#0000FF^^1~320~-441~0~13~end~~~#0000FF^^0~322~-440^^0~M 325 -437 L 328 -440 L 325 -443#@$P~show~0~14~305~-430~180~gge108838~0^^305~-430^^M 305 -430 h 20~#880000^^1~327~-427~0~GP10~start~~~#0000FF^^1~320~-431~0~14~end~~~#0000FF^^0~322~-430^^0~M 325 -427 L 328 -430 L 325 -433#@$P~show~0~15~305~-420~180~gge108859~0^^305~-420^^M 305 -420 h 20~#880000^^1~327~-417~0~GP11~start~~~#0000FF^^1~320~-421~0~15~end~~~#0000FF^^0~322~-420^^0~M 325 -417 L 328 -420 L 325 -423#@$P~show~0~16~305~-410~180~gge108880~0^^305~-410^^M 305 -410 h 20~#880000^^1~327~-407~0~GP12~start~~~#0000FF^^1~320~-411~0~16~end~~~#0000FF^^0~322~-410^^0~M 325 -407 L 328 -410 L 325 -413#@$P~show~0~17~305~-400~180~gge108901~0^^305~-400^^M 305 -400 h 20~#880000^^1~327~-397~0~GP13~start~~~#0000FF^^1~320~-401~0~17~end~~~#0000FF^^0~322~-400^^0~M 325 -397 L 328 -400 L 325 -403#@$P~show~0~18~305~-390~180~gge108922~0^^305~-390^^M 305 -390 h 20~#880000^^1~327~-387~0~GND~start~~~#0000FF^^1~320~-391~0~18~end~~~#0000FF^^0~322~-390^^0~M 325 -387 L 328 -390 L 325 -393#@$P~show~0~19~305~-380~180~gge108943~0^^305~-380^^M 305 -380 h 20~#880000^^1~327~-377~0~GP14~start~~~#0000FF^^1~320~-381~0~19~end~~~#0000FF^^0~322~-380^^0~M 325 -377 L 328 -380 L 325 -383#@$P~show~0~20~305~-370~180~gge108964~0^^305~-370^^M 305 -370 h 20~#880000^^1~327~-367~0~GP15~start~~~#0000FF^^1~320~-371~0~20~end~~~#0000FF^^0~322~-370^^0~M 325 -367 L 328 -370 L 325 -373#@$R~325~-570~~~100~210~#000000~1~0~none~gge108985~0~#@$P~show~0~22~445~-380~~gge108988~0^^445~-380^^M 445 -380 h -20~#880000^^1~423~-377~0~GP17~end~~~#0000FF^^1~430~-381~0~22~start~~~#0000FF^^0~428~-380^^0~M 425 -383 L 422 -380 L 425 -377#@$P~show~0~23~445~-390~~gge109009~0^^445~-390^^M 445 -390 h -20~#880000^^1~423~-387~0~GND~end~~~#0000FF^^1~430~-391~0~23~start~~~#0000FF^^0~428~-390^^0~M 425 -393 L 422 -390 L 425 -387#@$P~show~0~24~445~-400~~gge109030~0^^445~-400^^M 445 -400 h -20~#880000^^1~423~-397~0~GP18~end~~~#0000FF^^1~430~-401~0~24~start~~~#0000FF^^0~428~-400^^0~M 425 -403 L 422 -400 L 425 -397#@$P~show~0~25~445~-410~~gge109051~0^^445~-410^^M 445 -410 h -20~#880000^^1~423~-407~0~GP19~end~~~#0000FF^^1~430~-411~0~25~start~~~#0000FF^^0~428~-410^^0~M 425 -413 L 422 -410 L 425 -407#@$P~show~0~26~445~-420~~gge109072~0^^445~-420^^M 445 -420 h -20~#880000^^1~423~-417~0~GP20~end~~~#0000FF^^1~430~-421~0~26~start~~~#0000FF^^0~428~-420^^0~M 425 -423 L 422 -420 L 425 -417#@$P~show~0~27~445~-430~~gge109093~0^^445~-430^^M 445 -430 h -20~#880000^^1~423~-427~0~GP21~end~~~#0000FF^^1~430~-431~0~27~start~~~#0000FF^^0~428~-430^^0~M 425 -433 L 422 -430 L 425 -427#@$P~show~0~28~445~-440~~gge109114~0^^445~-440^^M 445 -440 h -20~#880000^^1~423~-437~0~GND~end~~~#0000FF^^1~430~-441~0~28~start~~~#0000FF^^0~428~-440^^0~M 425 -443 L 422 -440 L 425 -437#@$P~show~0~29~445~-450~~gge109135~0^^445~-450^^M 445 -450 h -20~#880000^^1~423~-447~0~GP22~end~~~#0000FF^^1~430~-451~0~29~start~~~#0000FF^^0~428~-450^^0~M 425 -453 L 422 -450 L 425 -447#@$P~show~0~30~445~-460~~gge109156~0^^445~-460^^M 445 -460 h -20~#880000^^1~423~-457~0~RUN~end~~~#0000FF^^1~430~-461~0~30~start~~~#0000FF^^0~428~-460^^0~M 425 -463 L 422 -460 L 425 -457#@$P~show~0~31~445~-470~~gge109177~0^^445~-470^^M 445 -470 h -20~#880000^^1~423~-467~0~GP26~end~~~#0000FF^^1~430~-471~0~31~start~~~#0000FF^^0~428~-470^^0~M 425 -473 L 422 -470 L 425 -467#@$P~show~0~32~445~-480~~gge109198~0^^445~-480^^M 445 -480 h -20~#880000^^1~423~-477~0~GP27~end~~~#0000FF^^1~430~-481~0~32~start~~~#0000FF^^0~428~-480^^0~M 425 -483 L 422 -480 L 425 -477#@$P~show~0~33~445~-490~~gge109219~0^^445~-490^^M 445 -490 h -20~#880000^^1~423~-487~0~GND~end~~~#0000FF^^1~430~-491~0~33~start~~~#0000FF^^0~428~-490^^0~M 425 -493 L 422 -490 L 425 -487#@$P~show~0~34~445~-500~~gge109240~0^^445~-500^^M 445 -500 h -20~#880000^^1~423~-497~0~GP28~end~~~#0000FF^^1~430~-501~0~34~start~~~#0000FF^^0~428~-500^^0~M 425 -503 L 422 -500 L 425 -497#@$P~show~0~35~445~-510~~gge109261~0^^445~-510^^M 445 -510 h -20~#880000^^1~423~-507~0~ADC_VREF~end~~~#0000FF^^1~430~-511~0~35~start~~~#0000FF^^0~428~-510^^0~M 425 -513 L 422 -510 L 425 -507#@$P~show~0~36~445~-520~~gge109282~0^^445~-520^^M 445 -520 h -20~#880000^^1~423~-517~0~3V3OUT~end~~~#0000FF^^1~430~-521~0~36~start~~~#0000FF^^0~428~-520^^0~M 425 -523 L 422 -520 L 425 -517#@$P~show~0~37~445~-530~~gge109303~0^^445~-530^^M 445 -530 h -20~#880000^^1~423~-527~0~3V3EN~end~~~#0000FF^^1~430~-531~0~37~start~~~#0000FF^^0~428~-530^^0~M 425 -533 L 422 -530 L 425 -527#@$P~show~0~38~445~-540~~gge109324~0^^445~-540^^M 445 -540 h -20~#880000^^1~423~-537~0~GND~end~~~#0000FF^^1~430~-541~0~38~start~~~#0000FF^^0~428~-540^^0~M 425 -543 L 422 -540 L 425 -537#@$P~show~0~39~445~-550~~gge109345~0^^445~-550^^M 445 -550 h -20~#880000^^1~423~-547~0~VSYS~end~~~#0000FF^^1~430~-551~0~39~start~~~#0000FF^^0~428~-550^^0~M 425 -553 L 422 -550 L 425 -547#@$P~show~0~40~445~-560~~gge109366~0^^445~-560^^M 445 -560 h -20~#880000^^1~423~-557~0~VBUS~end~~~#0000FF^^1~430~-561~0~40~start~~~#0000FF^^0~428~-560^^0~M 425 -563 L 422 -560 L 425 -557#@$P~show~0~41~365~-340~270~gge109387~0^^365~-340^^M 365 -340 v -20~#880000^^1~368~-362~270~SWCLK~start~~~#0000FF^^1~364~-355~270~41~end~~~#0000FF^^0~365~-357^^0~M 368 -360 L 365 -363 L 362 -360#@$P~show~0~42~375~-340~270~gge109408~0^^375~-340^^M 375 -340 v -20~#880000^^1~378~-362~270~GND~start~~~#0000FF^^1~374~-355~270~42~end~~~#0000FF^^0~375~-357^^0~M 378 -360 L 375 -363 L 372 -360#@$P~show~0~43~385~-340~270~gge109429~0^^385~-340^^M 385 -340 v -20~#880000^^1~388~-362~270~SWDIO~start~~~#0000FF^^1~384~-355~270~43~end~~~#0000FF^^0~385~-357^^0~M 388 -360 L 385 -363 L 382 -360#@$P~show~0~44~445~-370~~gge109450~0^^445~-370^^M 445 -370 h -20~#880000^^1~423~-367~0~GP16~end~~~#0000FF^^1~430~-371~0~21~start~~~#0000FF^^0~428~-370^^0~M 425 -373 L 422 -370 L 425 -367","LIB~255~-480~package`RESISTOR_R0603`Contributor`Nick James`spicePre`R`spiceSymbolName`RESISTOR0603`BOM_Manufacturer Part``~180~0~gge4457c8eb5d7dd938~8f015677d46a43ea8e817754dafe0a3b~ada56a568ec6471991b0e7909f953d41~0~~yes~yes~~1587461822~#@$T~N~263.83~-481.79~0~#000080~Arial~~~~~comment~47R~1~start~gge109477~0~#@$T~P~234.03~-481.79~0~#000080~Arial~~~~~comment~R10~1~start~gge109483~0~#@$PL~265.16 -480 263.66 -476~#A54B4B~1~0~none~gge109489~0#@$PL~263.66 -476 261.16 -484~#A54B4B~1~0~none~gge109492~0#@$PL~261.16 -484 258.66 -476~#A54B4B~1~0~none~gge109495~0#@$PL~258.66 -476 256.16 -484~#A54B4B~1~0~none~gge109498~0#@$PL~256.16 -484 253.66 -476~#A54B4B~1~0~none~gge109501~0#@$PL~253.66 -476 251.16 -484~#A54B4B~1~0~none~gge109504~0#@$PL~251.16 -484 248.66 -476~#A54B4B~1~0~none~gge109507~0#@$PL~248.66 -476 246.16 -484~#A54B4B~1~0~none~gge109510~0#@$PL~246.16 -484 245.16 -480~#A54B4B~1~0~none~gge109513~0#@$P~show~3~1~275~-480~0~gge109516~0^^275~-480^^M 275 -480 h -9.842~#A54B4B^^0~255.47~-477.05~0~1~end~~4.5pt~#A54B4B^^0~271.22~-481.97~0~1~start~~4.5pt~#A54B4B^^0~269~-480^^0~M 266 -483 L 263 -480 L 266 -477#@$P~show~3~2~235~-480~180~gge109537~0^^235~-480^^M 235 -480 h 9.842~#A54B4B^^0~254.84~-477.05~0~2~start~~4.5pt~#A54B4B^^0~239.09~-481.97~0~2~end~~4.5pt~#A54B4B^^0~241~-480^^0~M 244 -477 L 247 -480 L 244 -483","LIB~255~-470~package`RESISTOR_R0603`Contributor`Nick James`spicePre`R`spiceSymbolName`RESISTOR0603`BOM_Manufacturer Part``~180~0~gge84465e10238a17a0~8f015677d46a43ea8e817754dafe0a3b~ada56a568ec6471991b0e7909f953d41~0~~yes~yes~~1587461822~#@$T~N~263.83~-471.79~0~#000080~Arial~~~~~comment~47R~1~start~gge109564~0~#@$T~P~233.77~-471.79~0~#000080~Arial~~~~~comment~R11~1~start~gge109570~0~#@$PL~265.16 -470 263.66 -466~#A54B4B~1~0~none~gge109576~0#@$PL~263.66 -466 261.16 -474~#A54B4B~1~0~none~gge109579~0#@$PL~261.16 -474 258.66 -466~#A54B4B~1~0~none~gge109582~0#@$PL~258.66 -466 256.16 -474~#A54B4B~1~0~none~gge109585~0#@$PL~256.16 -474 253.66 -466~#A54B4B~1~0~none~gge109588~0#@$PL~253.66 -466 251.16 -474~#A54B4B~1~0~none~gge109591~0#@$PL~251.16 -474 248.66 -466~#A54B4B~1~0~none~gge109594~0#@$PL~248.66 -466 246.16 -474~#A54B4B~1~0~none~gge109597~0#@$PL~246.16 -474 245.16 -470~#A54B4B~1~0~none~gge109600~0#@$P~show~3~1~275~-470~0~gge109603~0^^275~-470^^M 275 -470 h -9.842~#A54B4B^^0~255.47~-467.05~0~1~end~~4.5pt~#A54B4B^^0~271.22~-471.97~0~1~start~~4.5pt~#A54B4B^^0~269~-470^^0~M 266 -473 L 263 -470 L 266 -467#@$P~show~3~2~235~-470~180~gge109624~0^^235~-470^^M 235 -470 h 9.842~#A54B4B^^0~254.84~-467.05~0~2~start~~4.5pt~#A54B4B^^0~239.09~-471.97~0~2~end~~4.5pt~#A54B4B^^0~241~-470^^0~M 244 -467 L 247 -470 L 244 -473","LIB~255~-510~package`RESISTOR_R0603`Contributor`Nick James`spicePre`R`spiceSymbolName`RESISTOR0603`BOM_Manufacturer Part``~180~0~ggecdebaf9464d20e72~8f015677d46a43ea8e817754dafe0a3b~ada56a568ec6471991b0e7909f953d41~0~~yes~yes~~1587461822~#@$T~N~263.83~-511.79~0~#000080~Arial~~~~~comment~1K~1~start~gge109651~0~#@$T~P~234.03~-511.79~0~#000080~Arial~~~~~comment~R8~1~start~gge109657~0~#@$PL~265.16 -510 263.66 -506~#A54B4B~1~0~none~gge109663~0#@$PL~263.66 -506 261.16 -514~#A54B4B~1~0~none~gge109666~0#@$PL~261.16 -514 258.66 -506~#A54B4B~1~0~none~gge109669~0#@$PL~258.66 -506 256.16 -514~#A54B4B~1~0~none~gge109672~0#@$PL~256.16 -514 253.66 -506~#A54B4B~1~0~none~gge109675~0#@$PL~253.66 -506 251.16 -514~#A54B4B~1~0~none~gge109678~0#@$PL~251.16 -514 248.66 -506~#A54B4B~1~0~none~gge109681~0#@$PL~248.66 -506 246.16 -514~#A54B4B~1~0~none~gge109684~0#@$PL~246.16 -514 245.16 -510~#A54B4B~1~0~none~gge109687~0#@$P~show~3~1~275~-510~0~gge109690~0^^275~-510^^M 275 -510 h -9.842~#A54B4B^^0~255.47~-507.05~0~1~end~~4.5pt~#A54B4B^^0~271.22~-511.97~0~1~start~~4.5pt~#A54B4B^^0~269~-510^^0~M 266 -513 L 263 -510 L 266 -507#@$P~show~3~2~235~-510~180~gge109711~0^^235~-510^^M 235 -510 h 9.842~#A54B4B^^0~254.84~-507.05~0~2~start~~4.5pt~#A54B4B^^0~239.09~-511.97~0~2~end~~4.5pt~#A54B4B^^0~241~-510^^0~M 244 -507 L 247 -510 L 244 -513","LIB~255~-500~package`RESISTOR_R0603`Contributor`Nick James`spicePre`R`spiceSymbolName`RESISTOR0603`BOM_Manufacturer Part``~180~0~ggeadd126d16a9c7a17~8f015677d46a43ea8e817754dafe0a3b~ada56a568ec6471991b0e7909f953d41~0~~yes~yes~~1587461822~#@$T~N~263.83~-501.79~0~#000080~Arial~~~~~comment~500R~1~start~gge109738~0~#@$T~P~233.77~-501.79~0~#000080~Arial~~~~~comment~R9~1~start~gge109744~0~#@$PL~265.16 -500 263.66 -496~#A54B4B~1~0~none~gge109750~0#@$PL~263.66 -496 261.16 -504~#A54B4B~1~0~none~gge109753~0#@$PL~261.16 -504 258.66 -496~#A54B4B~1~0~none~gge109756~0#@$PL~258.66 -496 256.16 -504~#A54B4B~1~0~none~gge109759~0#@$PL~256.16 -504 253.66 -496~#A54B4B~1~0~none~gge109762~0#@$PL~253.66 -496 251.16 -504~#A54B4B~1~0~none~gge109765~0#@$PL~251.16 -504 248.66 -496~#A54B4B~1~0~none~gge109768~0#@$PL~248.66 -496 246.16 -504~#A54B4B~1~0~none~gge109771~0#@$PL~246.16 -504 245.16 -500~#A54B4B~1~0~none~gge109774~0#@$P~show~3~1~275~-500~0~gge109777~0^^275~-500^^M 275 -500 h -9.842~#A54B4B^^0~255.47~-497.05~0~1~end~~4.5pt~#A54B4B^^0~271.22~-501.97~0~1~start~~4.5pt~#A54B4B^^0~269~-500^^0~M 266 -503 L 263 -500 L 266 -497#@$P~show~3~2~235~-500~180~gge109798~0^^235~-500^^M 235 -500 h 9.842~#A54B4B^^0~254.84~-497.05~0~2~start~~4.5pt~#A54B4B^^0~239.09~-501.97~0~2~end~~4.5pt~#A54B4B^^0~241~-500^^0~M 244 -497 L 247 -500 L 244 -503","LIB~255~-530~package`RESISTOR_R0603`Contributor`Nick James`spicePre`R`spiceSymbolName`RESISTOR0603`BOM_Manufacturer Part``~180~0~ggee0a06f662b225d34~8f015677d46a43ea8e817754dafe0a3b~ada56a568ec6471991b0e7909f953d41~0~~yes~yes~~1587461822~#@$T~N~263.83~-531.79~0~#000080~Arial~~~~~comment~1K~1~start~gge109825~0~#@$T~P~234.03~-531.79~0~#000080~Arial~~~~~comment~R6~1~start~gge109831~0~#@$PL~265.16 -530 263.66 -526~#A54B4B~1~0~none~gge109837~0#@$PL~263.66 -526 261.16 -534~#A54B4B~1~0~none~gge109840~0#@$PL~261.16 -534 258.66 -526~#A54B4B~1~0~none~gge109843~0#@$PL~258.66 -526 256.16 -534~#A54B4B~1~0~none~gge109846~0#@$PL~256.16 -534 253.66 -526~#A54B4B~1~0~none~gge109849~0#@$PL~253.66 -526 251.16 -534~#A54B4B~1~0~none~gge109852~0#@$PL~251.16 -534 248.66 -526~#A54B4B~1~0~none~gge109855~0#@$PL~248.66 -526 246.16 -534~#A54B4B~1~0~none~gge109858~0#@$PL~246.16 -534 245.16 -530~#A54B4B~1~0~none~gge109861~0#@$P~show~3~1~275~-530~0~gge109864~0^^275~-530^^M 275 -530 h -9.842~#A54B4B^^0~255.47~-527.05~0~1~end~~4.5pt~#A54B4B^^0~271.22~-531.97~0~1~start~~4.5pt~#A54B4B^^0~269~-530^^0~M 266 -533 L 263 -530 L 266 -527#@$P~show~3~2~235~-530~180~gge109885~0^^235~-530^^M 235 -530 h 9.842~#A54B4B^^0~254.84~-527.05~0~2~start~~4.5pt~#A54B4B^^0~239.09~-531.97~0~2~end~~4.5pt~#A54B4B^^0~241~-530^^0~M 244 -527 L 247 -530 L 244 -533","LIB~255~-520~package`RESISTOR_R0603`Contributor`Nick James`spicePre`R`spiceSymbolName`RESISTOR0603`BOM_Manufacturer Part``~180~0~ggeb9e2fc0c32ce8a1e~8f015677d46a43ea8e817754dafe0a3b~ada56a568ec6471991b0e7909f953d41~0~~yes~yes~~1587461822~#@$T~N~263.83~-521.79~0~#000080~Arial~~~~~comment~500R~1~start~gge109912~0~#@$T~P~233.77~-521.79~0~#000080~Arial~~~~~comment~R7~1~start~gge109918~0~#@$PL~265.16 -520 263.66 -516~#A54B4B~1~0~none~gge109924~0#@$PL~263.66 -516 261.16 -524~#A54B4B~1~0~none~gge109927~0#@$PL~261.16 -524 258.66 -516~#A54B4B~1~0~none~gge109930~0#@$PL~258.66 -516 256.16 -524~#A54B4B~1~0~none~gge109933~0#@$PL~256.16 -524 253.66 -516~#A54B4B~1~0~none~gge109936~0#@$PL~253.66 -516 251.16 -524~#A54B4B~1~0~none~gge109939~0#@$PL~251.16 -524 248.66 -516~#A54B4B~1~0~none~gge109942~0#@$PL~248.66 -516 246.16 -524~#A54B4B~1~0~none~gge109945~0#@$PL~246.16 -524 245.16 -520~#A54B4B~1~0~none~gge109948~0#@$P~show~3~1~275~-520~0~gge109951~0^^275~-520^^M 275 -520 h -9.842~#A54B4B^^0~255.47~-517.05~0~1~end~~4.5pt~#A54B4B^^0~271.22~-521.97~0~1~start~~4.5pt~#A54B4B^^0~269~-520^^0~M 266 -523 L 263 -520 L 266 -517#@$P~show~3~2~235~-520~180~gge109972~0^^235~-520^^M 235 -520 h 9.842~#A54B4B^^0~254.84~-517.05~0~2~start~~4.5pt~#A54B4B^^0~239.09~-521.97~0~2~end~~4.5pt~#A54B4B^^0~241~-520^^0~M 244 -517 L 247 -520 L 244 -523","LIB~255~-550~package`RESISTOR_R0603`Contributor`Nick James`spicePre`R`spiceSymbolName`RESISTOR0603`BOM_Manufacturer Part``~180~0~ggef4e48e5c0d0b1513~8f015677d46a43ea8e817754dafe0a3b~ada56a568ec6471991b0e7909f953d41~0~~yes~yes~~1587461822~#@$T~N~263.83~-551.79~0~#000080~Arial~~~~~comment~500R~1~start~gge109999~0~#@$T~P~233.77~-551.79~0~#000080~Arial~~~~~comment~R5~1~start~gge110005~0~#@$PL~265.16 -550 263.66 -546~#A54B4B~1~0~none~gge110011~0#@$PL~263.66 -546 261.16 -554~#A54B4B~1~0~none~gge110014~0#@$PL~261.16 -554 258.66 -546~#A54B4B~1~0~none~gge110017~0#@$PL~258.66 -546 256.16 -554~#A54B4B~1~0~none~gge110020~0#@$PL~256.16 -554 253.66 -546~#A54B4B~1~0~none~gge110023~0#@$PL~253.66 -546 251.16 -554~#A54B4B~1~0~none~gge110026~0#@$PL~251.16 -554 248.66 -546~#A54B4B~1~0~none~gge110029~0#@$PL~248.66 -546 246.16 -554~#A54B4B~1~0~none~gge110032~0#@$PL~246.16 -554 245.16 -550~#A54B4B~1~0~none~gge110035~0#@$P~show~3~1~275~-550~0~gge110038~0^^275~-550^^M 275 -550 h -9.842~#A54B4B^^0~255.47~-547.05~0~1~end~~4.5pt~#A54B4B^^0~271.22~-551.97~0~1~start~~4.5pt~#A54B4B^^0~269~-550^^0~M 266 -553 L 263 -550 L 266 -547#@$P~show~3~2~235~-550~180~gge110059~0^^235~-550^^M 235 -550 h 9.842~#A54B4B^^0~254.84~-547.05~0~2~start~~4.5pt~#A54B4B^^0~239.09~-551.97~0~2~end~~4.5pt~#A54B4B^^0~241~-550^^0~M 244 -547 L 247 -550 L 244 -553","LIB~255~-560~package`RESISTOR_R0603`Contributor`Nick James`spicePre`R`spiceSymbolName`RESISTOR0603`BOM_Manufacturer Part``~180~0~gge5d8fbce43b93e8b5~8f015677d46a43ea8e817754dafe0a3b~ada56a568ec6471991b0e7909f953d41~0~~yes~yes~~1587461822~#@$T~N~263.83~-561.79~0~#000080~Arial~~~~~comment~1K~1~start~gge110086~0~#@$T~P~234.03~-561.79~0~#000080~Arial~~~~~comment~R4~1~start~gge110092~0~#@$PL~265.16 -560 263.66 -556~#A54B4B~1~0~none~gge110098~0#@$PL~263.66 -556 261.16 -564~#A54B4B~1~0~none~gge110101~0#@$PL~261.16 -564 258.66 -556~#A54B4B~1~0~none~gge110104~0#@$PL~258.66 -556 256.16 -564~#A54B4B~1~0~none~gge110107~0#@$PL~256.16 -564 253.66 -556~#A54B4B~1~0~none~gge110110~0#@$PL~253.66 -556 251.16 -564~#A54B4B~1~0~none~gge110113~0#@$PL~251.16 -564 248.66 -556~#A54B4B~1~0~none~gge110116~0#@$PL~248.66 -556 246.16 -564~#A54B4B~1~0~none~gge110119~0#@$PL~246.16 -564 245.16 -560~#A54B4B~1~0~none~gge110122~0#@$P~show~3~1~275~-560~0~gge110125~0^^275~-560^^M 275 -560 h -9.842~#A54B4B^^0~255.47~-557.05~0~1~end~~4.5pt~#A54B4B^^0~271.22~-561.97~0~1~start~~4.5pt~#A54B4B^^0~269~-560^^0~M 266 -563 L 263 -560 L 266 -557#@$P~show~3~2~235~-560~180~gge110146~0^^235~-560^^M 235 -560 h 9.842~#A54B4B^^0~254.84~-557.05~0~2~start~~4.5pt~#A54B4B^^0~239.09~-561.97~0~2~end~~4.5pt~#A54B4B^^0~241~-560^^0~M 244 -557 L 247 -560 L 244 -563","F~part_netLabel_netPort~195~-470~0~gge110167~~0^^195~-470^^VGA VSYNC~#0000FF~109.85~-466.5~0~start~1~Times New Roman~8pt~flag_gge163^^PL~195 -470 190 -465 175 -465 175 -475 190 -475 195 -470~#0000FF~1~0~transparent~gge110179~0","F~part_netLabel_netPort~195~-480~0~gge110182~~0^^195~-480^^VGA HSYNC~#0000FF~109.85~-476.5~0~start~1~Times New Roman~8pt~flag_gge166^^PL~195 -480 190 -475 175 -475 175 -485 190 -485 195 -480~#0000FF~1~0~transparent~gge110194~0","W~275 -510 305 -510~#008800~1~0~none~gge110200~0","W~275 -520 305 -520~#008800~1~0~none~gge110203~0","W~275 -530 305 -530~#008800~1~0~none~gge110209~0","W~275 -550 305 -550~#008800~1~0~none~gge110212~0","W~275 -470 305 -470~#008800~1~0~none~gge110215~0","W~275 -560 305 -560~#008800~1~0~none~gge110218~0","W~275 -480 305 -480~#008800~1~0~none~gge110221~0","O~445~-510~gge110224~M 441 -514 L 449 -506 M 449 -514 L 441 -506~#33cc33~0","O~445~-530~gge110230~M 441 -534 L 449 -526 M 449 -534 L 441 -526~#33cc33~0","O~445~-550~gge110236~M 441 -554 L 449 -546 M 449 -554 L 441 -546~#33cc33~0","W~235 -510 215 -510 195 -510~#008800~1~0~none~gge110242~0","W~195 -480 235 -480~#008800~1~0~none~gge110245~0","W~195 -470 235 -470~#008800~1~0~none~gge110248~0","F~part_netLabel_netPort~450~-520~180~gge110251~~0^^450~-520^^3V3OUT~#0000FF~472.21~-517.85~0~start~1~Times New Roman~8pt~flag_gge169^^PL~450 -520 455 -525 470 -525 470 -515 455 -515 450 -520~#0000FF~1~0~transparent~gge110263~0","W~215 -560 195 -560~#008800~1~0~none~gge110266~0","W~235 -560 215 -560~#008800~1~0~none~gge110269~0","W~235 -550 215 -550 215 -560~#008800~1~0~none~gge110272~0","W~215 -530 195 -530~#008800~1~0~none~gge110275~0","W~235 -530 215 -530~#008800~1~0~none~gge110278~0","W~235 -520 215 -520 215 -530~#008800~1~0~none~gge110281~0","W~275 -500 305 -500~#008800~1~0~none~gge110284~0","W~235 -500 215 -500 215 -510~#008800~1~0~none~gge110287~0","F~part_netLabel_GNd~565~-540~90~gge110293~~0^^565~-540^^GND~#000000~581.5~-535.8~0~start~1~Times New Roman~9pt~flag_gge172^^PL~575 -540 565 -540~#000000~1~0~transparent~gge110305~0^^PL~575 -540 575 -550 581 -540 575 -530 575 -540~#000000~1~0~transparent~gge110308~0","W~445 -490 565 -490 565 -540 445 -540~#008800~1~0~none~gge110311~0","W~195 -410 305 -410~#008800~1~0~none~gge110329~0","F~part_netLabel_netPort~195~-530~0~gge110332~~0^^195~-530^^VGA GREEN~#0000FF~112.15~-526.43~0~start~1~Times New Roman~8pt~flag_gge175^^PL~195 -530 190 -525 175 -525 175 -535 190 -535 195 -530~#0000FF~1~0~transparent~gge110344~0","F~part_netLabel_netPort~195~-510~0~gge110347~~0^^195~-510^^VGA RED~#0000FF~124.85~-506.5~0~start~1~Times New Roman~8pt~flag_gge178^^PL~195 -510 190 -505 175 -505 175 -515 190 -515 195 -510~#0000FF~1~0~transparent~gge110359~0","F~part_netLabel_netPort~195~-560~0~gge110362~~0^^195~-560^^VGA BLUE~#0000FF~119.85~-556.5~0~start~1~Times New Roman~8pt~flag_gge181^^PL~195 -560 190 -555 175 -555 175 -565 190 -565 195 -560~#0000FF~1~0~transparent~gge110374~0","W~445 -440 565 -440 565 -490~#008800~1~0~none~gge110377~0","W~445 -390 565 -390 565 -440~#008800~1~0~none~gge110380~0","W~375 -340 375 -330 565 -330 565 -390~#008800~1~0~none~gge110383~0","F~part_netLabel_GNd~60~-540~270~gge110386~~0^^60~-540^^GND~#000000~17.51~-536.07~0~start~1~Times New Roman~9pt~flag_gge184^^PL~50 -540 60 -540~#000000~1~0~transparent~gge110398~0^^PL~50 -540 50 -530 44 -540 50 -550 50 -540~#000000~1~0~transparent~gge110401~0","W~305 -490 60 -490 60 -540 305 -540~#008800~1~0~none~gge110404~0","W~305 -440 60 -440 60 -490~#008800~1~0~none~gge110407~0","W~305 -390 60 -390 60 -440~#008800~1~0~none~gge110410~0","O~430~-85~gge110434~M 426 -89 L 434 -81 M 434 -89 L 426 -81~#33cc33~0","O~360~-85~gge110440~M 356 -89 L 364 -81 M 364 -89 L 356 -81~#33cc33~0","F~part_netLabel_netPort~475~-75~180~gge110455~~0^^475~-75^^SDA~#0000FF~496.71~-71.43~0~~1~Times New Roman~8pt~flag_gge187^^PL~475 -75 480 -80 495 -80 495 -70 480 -70 475 -75~#0000FF~1~0~transparent~gge110467~0","F~part_netLabel_netPort~325~-95~0~gge110473~~0^^325~-95^^SCL~#0000FF~303~-91.57~0~end~1~Times New Roman~8pt~flag_gge190^^PL~325 -95 320 -90 305 -90 305 -100 320 -100 325 -95~#0000FF~1~0~transparent~gge110485~0","F~part_netLabel_GNd~325~-75~0~gge110491~~0^^325~-75^^GND~#000000~312~-48~0~start~1~Times New Roman~9pt~flag_gge193^^PL~325 -65 325 -75~#000000~1~0~transparent~gge110503~0^^PL~325 -65 335 -65 325 -59 315 -65 325 -65~#000000~1~0~transparent~gge110506~0","W~325 -75 360 -75~#008800~1~0~none~gge110509~0","W~325 -95 360 -95~#008800~1~0~none~gge110512~0","W~475 -75 430 -75~#008800~1~0~none~gge110515~0","F~part_netLabel_netPort~475~-155~180~gge110521~~0^^475~-155^^3V3OUT~#0000FF~497.21~-152.85~0~start~1~Times New Roman~8pt~flag_gge196^^PL~475 -155 480 -160 495 -160 495 -150 480 -150 475 -155~#0000FF~1~0~transparent~gge110533~0","W~475 -155 430 -155 430 -95~#008800~1~0~none~gge110536~0","LIB~345~-125~package`RESISTOR_R0603`Contributor`Nick James`spicePre`R`spiceSymbolName`RESISTOR0603`BOM_Manufacturer Part``~90~0~gge4afe568e6323f3fb~8f015677d46a43ea8e817754dafe0a3b~ada56a568ec6471991b0e7909f953d41~0~~yes~yes~~1587461822~#@$T~N~351~-112.64~0~#000080~Arial~~~~~comment~4.7K~1~start~gge110551~0~#@$T~P~351~-121.79~0~#000080~Arial~~~~~comment~R12~1~start~gge110557~0~#@$PL~345 -114.84 341 -116.34~#A54B4B~1~0~none~gge110563~0#@$PL~341 -116.34 349 -118.84~#A54B4B~1~0~none~gge110566~0#@$PL~349 -118.84 341 -121.34~#A54B4B~1~0~none~gge110569~0#@$PL~341 -121.34 349 -123.84~#A54B4B~1~0~none~gge110572~0#@$PL~349 -123.84 341 -126.34~#A54B4B~1~0~none~gge110575~0#@$PL~341 -126.34 349 -128.84~#A54B4B~1~0~none~gge110578~0#@$PL~349 -128.84 341 -131.34~#A54B4B~1~0~none~gge110581~0#@$PL~341 -131.34 349 -133.84~#A54B4B~1~0~none~gge110584~0#@$PL~349 -133.84 345 -134.84~#A54B4B~1~0~none~gge110587~0#@$P~show~3~1~345~-105~270~gge110590~0^^345~-105^^M 345 -105 v -9.842~#A54B4B^^0~347.95~-124.53~270~1~start~~4.5pt~#A54B4B^^0~343.03~-108.78~270~1~end~~4.5pt~#A54B4B^^0~345~-111^^0~M 348 -114 L 345 -117 L 342 -114#@$P~show~3~2~345~-145~90~gge110611~0^^345~-145^^M 345 -145 v 9.842~#A54B4B^^0~347.95~-125.16~270~2~end~~4.5pt~#A54B4B^^0~343.03~-140.91~270~2~start~~4.5pt~#A54B4B^^0~345~-139^^0~M 342 -136 L 345 -133 L 348 -136","LIB~455~-115~package`RESISTOR_R0603`Contributor`Nick James`spicePre`R`spiceSymbolName`RESISTOR0603`BOM_Manufacturer Part``~90~0~gge1f0e8a968de8868c~8f015677d46a43ea8e817754dafe0a3b~ada56a568ec6471991b0e7909f953d41~0~~yes~yes~~1587461822~#@$T~N~461~-102.64~0~#000080~Arial~~~~~comment~4.7K~1~start~gge110641~0~#@$T~P~461~-111.79~0~#000080~Arial~~~~~comment~R13~1~start~gge110647~0~#@$PL~455 -104.84 451 -106.34~#A54B4B~1~0~none~gge110653~0#@$PL~451 -106.34 459 -108.84~#A54B4B~1~0~none~gge110656~0#@$PL~459 -108.84 451 -111.34~#A54B4B~1~0~none~gge110659~0#@$PL~451 -111.34 459 -113.84~#A54B4B~1~0~none~gge110662~0#@$PL~459 -113.84 451 -116.34~#A54B4B~1~0~none~gge110665~0#@$PL~451 -116.34 459 -118.84~#A54B4B~1~0~none~gge110668~0#@$PL~459 -118.84 451 -121.34~#A54B4B~1~0~none~gge110671~0#@$PL~451 -121.34 459 -123.84~#A54B4B~1~0~none~gge110674~0#@$PL~459 -123.84 455 -124.84~#A54B4B~1~0~none~gge110677~0#@$P~show~3~1~455~-95~270~gge110680~0^^455~-95^^M 455 -95 v -9.842~#A54B4B^^0~457.95~-114.53~270~1~start~~4.5pt~#A54B4B^^0~453.03~-98.78~270~1~end~~4.5pt~#A54B4B^^0~455~-101^^0~M 458 -104 L 455 -107 L 452 -104#@$P~show~3~2~455~-135~90~gge110701~0^^455~-135^^M 455 -135 v 9.842~#A54B4B^^0~457.95~-115.16~270~2~end~~4.5pt~#A54B4B^^0~453.03~-130.91~270~2~start~~4.5pt~#A54B4B^^0~455~-129^^0~M 452 -126 L 455 -123 L 458 -126","W~455 -135 455 -155~#008800~1~0~none~gge110722~0","W~455 -95 455 -75~#008800~1~0~none~gge110726~0","W~345 -145 345 -155 430 -155~#008800~1~0~none~gge110730~0","W~345 -105 345 -95~#008800~1~0~none~gge110735~0","F~part_netLabel_netPort~985~-500~0~gge110739~~0^^985~-500^^SPKOUT~#0000FF~963~-496.4~0~end~1~Times New Roman~8pt~flag_gge199^^PL~985 -500 980 -495 965 -495 965 -505 980 -505 985 -500~#0000FF~1~0~transparent~gge110751~0","F~part_netLabel_GNd~985~-600~270~gge110883~~0^^985~-600^^GND~#000000~942.5~-596~0~start~1~Times New Roman~9pt~flag_gge202^^PL~975 -600 985 -600~#000000~1~0~transparent~gge110895~0^^PL~975 -600 975 -590 969 -600 975 -610 975 -600~#000000~1~0~transparent~gge110898~0","O~305~-460~gge113304~M 301 -464 L 309 -456 M 309 -464 L 301 -456~#33cc33~0","O~305~-450~gge113313~M 301 -454 L 309 -446 M 309 -454 L 301 -446~#33cc33~0","O~305~-430~gge113322~M 301 -434 L 309 -426 M 309 -434 L 301 -426~#33cc33~0","O~805~-310~gge113331~M 801 -314 L 809 -306 M 809 -314 L 801 -306~#33cc33~0","O~725~-320~gge113346~M 721 -324 L 729 -316 M 729 -324 L 721 -316~#33cc33~0","W~725 -330 595 -330~#008800~1~0~none~gge113358~0","O~155~-205~gge113362~M 151 -209 L 159 -201 M 159 -209 L 151 -201~#33cc33~0","W~170 -730 160 -730~#008800~1~0~none~gge113377~0","F~part_netLabel_GNd~50~-710~0~gge113395~~0^^50~-710^^GND~#000000~63~-685~0~end~1~Times New Roman~9pt~flag_gge205^^PL~50 -700 50 -710~#000000~1~0~transparent~gge113407~0^^PL~50 -700 40 -700 50 -694 60 -700 50 -700~#000000~1~0~transparent~gge113410~0","W~90 -740 90 -730 90 -730 50 -730 50 -710~#008800~1~0~none~gge113488~0","O~445~-500~gge113503~M 441 -504 L 449 -496 M 449 -504 L 441 -496~#33cc33~0","F~part_netLabel_netPort~445~-460~180~gge113524~~0^^445~-460^^PICO_RESET~#0000FF~467~-456.6~0~~1~Times New Roman~8pt~flag_gge208^^PL~445 -460 450 -465 465 -465 465 -455 450 -455 445 -460~#0000FF~1~0~transparent~gge113536~0","F~part_netLabel_netPort~170~-730~180~gge113548~~0^^170~-730^^PICO_RESET~#0000FF~192~-726.6~0~~1~Times New Roman~8pt~flag_gge211^^PL~170 -730 175 -735 190 -735 190 -725 175 -725 170 -730~#0000FF~1~0~transparent~gge113560~0","LIB~130~-740~package`PUSHBUTTON SMD 3X4X2.5`BOM_Manufacturer``BOM_Manufacturer Part``BOM_Supplier Part``BOM_Supplier``link``Contributor`Joe Ostrander`spicePre`U`spiceSymbolName`Pushbutton 3x4x2.5`~~0~gge3ca453fe2d0abaca~c8fb4091da18448d8018b84bf74da133~15030af2d2994d22a49731d8c3781835~0~~yes~yes~4866d26212cf4119877e6120920b45b8~1655068367~4db787d931f94725810640d2c35aecf3#@$T~N~114.890625~-763~0~#000080~Arial~~~~~comment~Pico Reset~1~start~gge113584~0~#@$T~P~114.89~-772~0~#000080~Arial~~~~~comment~SW2~1~start~gge113590~0~#@$P~show~0~1~90~-740~180~gge113596~0^^90~-740^^M 90 -740 h 20~#880000^^1~112~-737~0~1~start~~~#0000FF^^1~105~-741~0~1~end~~~#0000FF^^0~107~-740^^0~M 110 -737 L 113 -740 L 110 -743#@$P~show~0~3~90~-730~180~gge113617~0^^90~-730^^M 90 -730 h 20~#880000^^1~112~-727~0~3~start~~~#0000FF^^1~105~-731~0~3~end~~~#0000FF^^0~107~-730^^0~M 110 -727 L 113 -730 L 110 -733#@$P~show~0~2~160~-740~0~gge113638~0^^160~-740^^M 160 -740 h -20~#880000^^1~138~-737~0~2~end~~~#0000FF^^1~145~-741~0~2~start~~~#0000FF^^0~143~-740^^0~M 140 -743 L 137 -740 L 140 -737#@$P~show~0~4~160~-730~0~gge113659~0^^160~-730^^M 160 -730 h -20~#880000^^1~138~-727~0~4~end~~~#0000FF^^1~145~-731~0~4~start~~~#0000FF^^0~143~-730^^0~M 140 -733 L 137 -730 L 140 -727#@$PL~110 -750 120 -750 120 -750~#880000~1~0~none~gge113680~0#@$R~120~-760~~~10~10~#880000~1~0~none~gge113683~0~#@$PL~130 -750 140 -750~#880000~1~0~none~gge113686~0#@$PL~110 -740 110 -730~#660000~1~0~none~gge113689~0#@$PL~140 -740 140 -730~#880000~1~0~none~gge113692~0","W~160 -740 160 -730~#008800~1~0~none~gge113700~0","W~920 -680 985 -680~#008800~1~0~none~gge113728~0","F~part_netLabel_+5V~495~-560~0~gge113773~~0^^495~-560^^+5V~#000000~485~-572~0~start~1~Times New Roman~9pt~flag_gge214^^PL~495 -570 495 -560~#000000~1~0~none~gge113785~0^^PL~490 -570 500 -570~#000000~1~0~transparent~gge113788~0","F~part_netLabel_+5V~920~-680~90~gge113830~~0^^920~-680^^+5V~#000000~887.73~-676~0~start~1~Times New Roman~9pt~flag_gge217^^PL~910 -680 920 -680~#000000~1~0~none~gge113842~0^^PL~910 -675 910 -685~#000000~1~0~transparent~gge113845~0","F~part_netLabel_+5V~950~-340~0~gge113869~~0^^950~-340^^+5V~#000000~940~-352~0~start~1~Times New Roman~9pt~flag_gge220^^PL~950 -350 950 -340~#000000~1~0~none~gge113881~0^^PL~945 -350 955 -350~#000000~1~0~transparent~gge113884~0","LIB~640~-740~package`HEADER_2.54_1X2`BOM_Manufacturer``BOM_Manufacturer Part``BOM_Supplier Part``BOM_Supplier``link``Contributor`Joe Ostrander`spicePre`U`spiceSymbolName`HEADER_2.54_1X2`~~0~gge5e377562a3906010~647548933cb74b1d8b15fcd0055a97c9~77211a1c67e54505bb99eccba4083bef~0~~yes~yes~b92e15a2b5374a25b6aa60184da87d8a~1669679164~d4cac3110ea54f20b1f4d4afb2bf7978#@$T~N~623.03515625~-763.5~0~#000080~Arial~~~~~comment~HEADER_2.54_1X2~1~start~gge113944~0~#@$T~P~623.03515625~-772.5~0~#000080~Arial~~~~~comment~U5~1~start~gge113950~0~#@$R~630~-760~~~20~30~#880000~1~0~none~gge113956~0~#@$P~show~0~1~610~-750~180~gge113959~0^^610~-750^^M 610 -750 h 20~#880000^^1~632~-747~0~1~start~~~#0000FF^^1~625~-751~0~1~end~~~#0000FF^^0~627~-750^^0~M 630 -747 L 633 -750 L 630 -753#@$P~show~0~2~610~-740~180~gge113980~0^^610~-740^^M 610 -740 h 20~#880000^^1~632~-737~0~2~start~~~#0000FF^^1~625~-741~0~2~end~~~#0000FF^^0~627~-740^^0~M 630 -737 L 633 -740 L 630 -743","F~part_netLabel_netPort~610~-740~0~gge114040~~0^^610~-740^^SPKOUT~#0000FF~588~-736.667~0~end~1~~~flag_gge223^^PL~610 -740 605 -735 590 -735 590 -745 605 -745 610 -740~#0000FF~1~0~transparent~gge114052~0","F~part_netLabel_GNd~545~-725~0~gge114061~~0^^545~-725^^GND~#000000~532~-697.79~0~start~1~Times New Roman~9pt~flag_gge226^^PL~545 -715 545 -725~#000000~1~0~transparent~gge114073~0^^PL~545 -715 555 -715 545 -709 535 -715 545 -715~#000000~1~0~transparent~gge114076~0","W~545 -725 545 -750 610 -750~#008800~1~0~none~gge114079~0","LIB~1015~-600~package`DMG SCREEN CONNECTOR - NO HOLES`BOM_Manufacturer``BOM_Manufacturer Part``BOM_Supplier Part``BOM_Supplier``link``Contributor`Joe Ostrander`spicePre`U`spiceSymbolName`DMG SCREEN CONNECTOR - NO HOLES`~~0~gge4a01d8791eda78b3~405ac82145b84d7885803cf115ad9c48~d4f070790dca4d60bbabb55671edf57f~0~~yes~yes~a6bc36fe50744b1f972be39f829d1814~1669679809~36a9bc1ad0cd46fd938adb5872b22e66#@$T~N~1013.03125~-470~0~#000080~Arial~~~~~comment~DMG SCREEN CONNECTOR - NO HOLES~1~start~gge114082~0~#@$T~P~1013.03125~-461~0~#000080~Arial~~~~~comment~U6~1~start~gge114088~0~#@$P~show~0~1~985~-690~180~gge114094~0^^985~-690^^M 985 -690 h 20~#880000^^1~1007~-687~0~GND1~start~~~#0000FF^^1~1000~-691~0~1~end~~~#0000FF^^0~1002~-690^^0~M 1005 -687 L 1008 -690 L 1005 -693#@$P~show~0~2~985~-680~180~gge114115~0^^985~-680^^M 985 -680 h 20~#880000^^1~1007~-677~0~VLED~start~~~#0000FF^^1~1000~-681~0~2~end~~~#0000FF^^0~1002~-680^^0~M 1005 -677 L 1008 -680 L 1005 -683#@$P~show~0~3~985~-670~180~gge114136~0^^985~-670^^M 985 -670 h 20~#880000^^1~1007~-667~0~-18V~start~~~#0000FF^^1~1000~-671~0~3~end~~~#0000FF^^0~1002~-670^^0~M 1005 -667 L 1008 -670 L 1005 -673#@$P~show~0~4~985~-660~180~gge114157~0^^985~-660^^M 985 -660 h 20~#880000^^1~1007~-657~0~P11~start~~~#0000FF^^1~1000~-661~0~4~end~~~#0000FF^^0~1002~-660^^0~M 1005 -657 L 1008 -660 L 1005 -663#@$P~show~0~5~985~-650~180~gge114178~0^^985~-650^^M 985 -650 h 20~#880000^^1~1007~-647~0~P14~start~~~#0000FF^^1~1000~-651~0~5~end~~~#0000FF^^0~1002~-650^^0~M 1005 -647 L 1008 -650 L 1005 -653#@$P~show~0~6~985~-640~180~gge114199~0^^985~-640^^M 985 -640 h 20~#880000^^1~1007~-637~0~P13~start~~~#0000FF^^1~1000~-641~0~6~end~~~#0000FF^^0~1002~-640^^0~M 1005 -637 L 1008 -640 L 1005 -643#@$P~show~0~7~985~-630~180~gge114220~0^^985~-630^^M 985 -630 h 20~#880000^^1~1007~-627~0~P12~start~~~#0000FF^^1~1000~-631~0~7~end~~~#0000FF^^0~1002~-630^^0~M 1005 -627 L 1008 -630 L 1005 -633#@$P~show~0~8~985~-620~180~gge114241~0^^985~-620^^M 985 -620 h 20~#880000^^1~1007~-617~0~P10~start~~~#0000FF^^1~1000~-621~0~8~end~~~#0000FF^^0~1002~-620^^0~M 1005 -617 L 1008 -620 L 1005 -623#@$P~show~0~9~985~-610~180~gge114262~0^^985~-610^^M 985 -610 h 20~#880000^^1~1007~-607~0~P15~start~~~#0000FF^^1~1000~-611~0~9~end~~~#0000FF^^0~1002~-610^^0~M 1005 -607 L 1008 -610 L 1005 -613#@$P~show~0~10~985~-600~180~gge114283~0^^985~-600^^M 985 -600 h 20~#880000^^1~1007~-597~0~GND10~start~~~#0000FF^^1~1000~-601~0~10~end~~~#0000FF^^0~1002~-600^^0~M 1005 -597 L 1008 -600 L 1005 -603#@$P~show~0~11~985~-590~180~gge114304~0^^985~-590^^M 985 -590 h 20~#880000^^1~1007~-587~0~VCC~start~~~#0000FF^^1~1000~-591~0~11~end~~~#0000FF^^0~1002~-590^^0~M 1005 -587 L 1008 -590 L 1005 -593#@$P~show~0~12~985~-580~180~gge114325~0^^985~-580^^M 985 -580 h 20~#880000^^1~1007~-577~0~VSYNC~start~~~#0000FF^^1~1000~-581~0~12~end~~~#0000FF^^0~1002~-580^^0~M 1005 -577 L 1008 -580 L 1005 -583#@$P~show~0~13~985~-570~180~gge114346~0^^985~-570^^M 985 -570 h 20~#880000^^1~1007~-567~0~ALTSIG~start~~~#0000FF^^1~1000~-571~0~13~end~~~#0000FF^^0~1002~-570^^0~M 1005 -567 L 1008 -570 L 1005 -573#@$P~show~0~14~985~-560~180~gge114367~0^^985~-560^^M 985 -560 h 20~#880000^^1~1007~-557~0~CLK~start~~~#0000FF^^1~1000~-561~0~14~end~~~#0000FF^^0~1002~-560^^0~M 1005 -557 L 1008 -560 L 1005 -563#@$P~show~0~15~985~-550~180~gge114388~0^^985~-550^^M 985 -550 h 20~#880000^^1~1007~-547~0~D0~start~~~#0000FF^^1~1000~-551~0~15~end~~~#0000FF^^0~1002~-550^^0~M 1005 -547 L 1008 -550 L 1005 -553#@$P~show~0~16~985~-540~180~gge114409~0^^985~-540^^M 985 -540 h 20~#880000^^1~1007~-537~0~D1~start~~~#0000FF^^1~1000~-541~0~16~end~~~#0000FF^^0~1002~-540^^0~M 1005 -537 L 1008 -540 L 1005 -543#@$P~show~0~17~985~-530~180~gge114430~0^^985~-530^^M 985 -530 h 20~#880000^^1~1007~-527~0~HSYNC~start~~~#0000FF^^1~1000~-531~0~17~end~~~#0000FF^^0~1002~-530^^0~M 1005 -527 L 1008 -530 L 1005 -533#@$P~show~0~18~985~-520~180~gge114451~0^^985~-520^^M 985 -520 h 20~#880000^^1~1007~-517~0~DLATCH~start~~~#0000FF^^1~1000~-521~0~18~end~~~#0000FF^^0~1002~-520^^0~M 1005 -517 L 1008 -520 L 1005 -523#@$P~show~0~19~985~-510~180~gge114472~0^^985~-510^^M 985 -510 h 20~#880000^^1~1007~-507~0~CTRL~start~~~#0000FF^^1~1000~-511~0~19~end~~~#0000FF^^0~1002~-510^^0~M 1005 -507 L 1008 -510 L 1005 -513#@$P~show~0~20~985~-500~180~gge114493~0^^985~-500^^M 985 -500 h 20~#880000^^1~1007~-497~0~SPKR~start~~~#0000FF^^1~1000~-501~0~20~end~~~#0000FF^^0~1002~-500^^0~M 1005 -497 L 1008 -500 L 1005 -503#@$P~show~0~21~985~-490~180~gge114514~0^^985~-490^^M 985 -490 h 20~#880000^^1~1007~-487~0~GND21~start~~~#0000FF^^1~1000~-491~0~21~end~~~#0000FF^^0~1002~-490^^0~M 1005 -487 L 1008 -490 L 1005 -493#@$R~1005~-700~~~50~220~#000000~1~0~none~gge114535~0~","O~985~-590~gge115784~M 981 -594 L 989 -586 M 989 -594 L 981 -586~#33cc33~0","J~595~-240~2.5~#CC0000~gge105305~0","J~890~-250~2.5~#CC0000~gge105524~0","J~925~-240~2.5~#CC0000~gge105528~0","J~925~-330~2.5~#CC0000~gge105532~0","J~215~-560~2.5~#CC0000~gge108181~0","J~215~-530~2.5~#CC0000~gge108190~0","J~215~-510~2.5~#CC0000~gge108199~0","J~565~-540~2.5~#CC0000~gge108208~0","J~565~-490~2.5~#CC0000~gge108217~0","J~565~-440~2.5~#CC0000~gge108226~0","J~565~-390~2.5~#CC0000~gge108235~0","J~60~-540~2.5~#CC0000~gge108244~0","J~60~-490~2.5~#CC0000~gge108253~0","J~60~-440~2.5~#CC0000~gge108262~0","J~455~-155~2.5~#CC0000~gge110723~0","J~455~-75~2.5~#CC0000~gge110727~0","J~430~-155~2.5~#CC0000~gge110732~0","J~345~-95~2.5~#CC0000~gge110736~0","J~595~-330~2.5~#CC0000~gge113359~0","J~90~-730~2.5~#CC0000~gge113697~0","J~160~-730~2.5~#CC0000~gge113701~0"],"BBox":{"x":0,"y":-806.8,"width":1195.8,"height":806.8},"colors":[]}}],"docType":5,"title":"GAMEBOY_CONSOLIZER_V2","name":"GAMEBOY_CONSOLIZER_V2"}